lp_mean_%,lp_med_%,rt_mean_%,rt_p5_%,m_vol_mean,m_amm_mean,imbalance_mean,imbalance_p95,alpha_rv,alpha_ivrv,k_lin,k_quad,yield_share_to_rt,max_utilization,strict_feasible,robust_feasible,score
1.3930295534822126,1.4383753702173234,0.007112860671932644,-0.017658988707924744,1.1372494575299528,0.75,-0.9976537633543897,-0.9962803281486504,0.1,0.4,0.2,0.1,0.15,0.6,True,True,0.8945013908053618
1.25379416229414,1.2721484037731399,0.004561090745492238,-0.03669478969219154,1.1539985213190989,0.75,-0.9975453017717797,-0.9959171888310993,0.1,0.4,0.2,0.2,0.05,0.7,True,True,0.744589555311854
1.2165264497882622,1.3744535558999513,0.008387694636673855,-0.034300303469916436,1.172160736640303,0.75,-0.9976663311159574,-0.996088329415624,0.1,0.3,0.2,0.2,0.05,0.7,True,True,0.7128715619643042
1.2021845362590358,1.2861163566381657,0.010906562493918486,-0.049649197665268596,1.143410408764929,0.75,-0.9963639867243256,-0.9936836637358042,0.1,0.3,0.1,0.2,0.1,0.8,True,True,0.6954127321856305
1.167811035029909,1.500007716206014,0.008219201763690634,-0.030606247039512972,1.179962865855735,0.75,-0.9971650762439782,-0.9955398055341591,0.1,0.2,0.2,0.2,0.15,0.7,True,True,0.6654315783305325
1.164883502418149,1.253823893329106,0.005103483390488969,-0.04231974995144169,1.1571761657001844,0.75,-0.9960268301275306,-0.9933128228925517,0.1,0.3,0.3,0.2,0.05,0.7,True,True,0.6540797825061591
1.1577486636553387,1.0991376190193574,0.00464724520757614,-0.024730378673895277,1.1476269949399858,0.75,-0.9976959999445746,-0.9963016026752644,0.1,0.4,0.3,0.2,0.05,0.7,True,True,0.653433206434872
1.1280887268626703,1.3644397660767325,0.005418465014863835,-0.015738798734950307,1.1440558441903055,0.75,-0.9987522250050307,-0.9981870250173024,0.1,0.4,0.2,0.2,0.05,0.8,True,True,0.6282953653865266
1.0686067139511843,1.217285996628375,0.009091405508716519,-0.040598183234573336,1.1649690501990506,0.75,-0.9962272417723076,-0.9928445951959267,0.1,0.3,0.1,0.2,0.05,0.8,True,True,0.563277127267815
1.0535538280149654,1.2313299566173133,0.00468587825153955,-0.03912947333200349,1.163654926175555,0.75,-0.9976083710230588,-0.9953406454270507,0.1,0.3,0.2,0.2,0.1,0.8,True,True,0.5435250925840114
1.039545799214239,0.878769143833877,0.0021407388847675176,-0.026936640163273823,1.1692079854978101,0.75,-0.9982320311492587,-0.9972855666579714,0.1,0.2,0.2,0.2,0.1,0.8,True,True,0.5313400298106505
1.0336209869739446,0.9266880407742925,0.0043604168082435075,-0.029509125243346708,1.1536822957719806,0.75,-0.9974830779542511,-0.9959204309927832,0.1,0.4,0.3,0.2,0.05,0.8,True,True,0.5270498370464982
0.7706631681424291,0.7068177462269065,0.0041280780613939215,-0.02039053254565904,1.1222982054473492,0.8006698178432707,-0.9977652667753169,-0.9956121689474996,0.1,0.2,0.1,0.1,0.05,0.6,True,True,0.5208097380141918
0.9952490136849613,1.3476667029082618,0.005215193549654841,-0.038537853521322156,1.1446921169581732,0.75,-0.9964978421749012,-0.9937251105147443,0.1,0.4,0.1,0.2,0.15,0.6,True,True,0.48609210453601825
0.7334072948023758,1.2216184297308654,0.009205396214588728,-0.03634787629306443,1.154875386124617,0.8010636652566081,-0.9964495070057832,-0.9937112429865305,0.1,0.4,0.1,0.1,0.15,0.6,True,True,0.485232946025697
0.7158647200962729,0.7607784583176297,0.014895352981867933,-0.03175498317324879,1.1571765877416724,0.8009759101522783,-0.9967429701432906,-0.9949754912633682,0.1,0.4,0.1,0.1,0.15,0.8,True,True,0.47591670116660645
0.9772993956731834,0.9839149428957177,0.004112705470242431,-0.020388062615065917,1.1380376591810675,0.75,-0.998238173948841,-0.9970603779359776,0.1,0.4,0.3,0.2,0.15,0.8,True,True,0.47407941719144786
0.9222463808923612,0.8752729351071407,0.00893421524163203,-0.013664215816180299,1.227948838085718,0.75,-0.997331171354077,-0.9957516492686863,0.2,0.2,0.3,0.2,0.15,0.6,True,True,0.42750175285584746
0.9275232130917284,1.248789726368066,0.008064627557105606,-0.028852844151404197,1.185447761007849,0.75,-0.9971227372295874,-0.9958770102147899,0.1,0.2,0.2,0.2,0.1,0.7,True,True,0.4256596284996934
0.9035767378285332,0.9207822998003384,0.008907807700632469,-0.006269870560591419,1.3334922344801703,0.75,-0.998231997266639,-0.9971632585752317,0.2,0.3,0.3,0.2,0.15,0.6,True,True,0.4117581588450555
0.9052265583164367,1.0556731438265865,0.004976685719054141,-0.013182453760671389,1.1913455394188242,0.75,-0.9988253610443686,-0.9981620826944952,0.1,0.2,0.2,0.1,0.05,0.8,True,True,0.40592559967503317
0.9145990286844232,0.8379470430722723,0.004753223549751781,-0.04283520567827591,1.1548943070107545,0.75,-0.9969123132502418,-0.9945446187749293,0.1,0.4,0.1,0.2,0.05,0.7,True,True,0.40316881467281496
0.899350618788402,0.9037345227328764,0.006220858824901127,-0.01300680474357362,1.1496368500177176,0.75,-0.9982317583947434,-0.997107323177144,0.1,0.4,0.2,0.2,0.1,0.7,True,True,0.40161292748085387
0.9006597740325597,1.1960003094150788,0.0016137881927029897,-0.024333176619839723,1.1540280319593594,0.75,-0.9979128301669166,-0.9963700742400302,0.1,0.4,0.2,0.2,0.1,0.6,True,True,0.39286304921586734
0.8892003755765281,1.2073774644615736,0.0021352235480504404,-0.017524026502476454,1.1282541925284622,0.75,-0.9982214822902088,-0.996838922224418,0.1,0.3,0.3,0.1,0.15,0.7,True,True,0.384753033233198
0.8909029311796182,0.9171068752158429,-0.0005721508065290972,-0.016024661022125408,1.1462790967191272,0.75,-0.9987648723637392,-0.9975689220869021,0.1,0.3,0.2,0.1,0.05,0.6,False,False,0.3838064858029331
0.8562947720683856,1.2797018399949454,0.003957526465176847,-0.0130973959298156,1.153540793808032,0.75,-0.9983991971183112,-0.9969428556685368,0.1,0.4,0.1,0.2,0.1,0.6,True,True,0.3558048454546715
0.8464662653769519,0.926531347613285,0.007175525014442589,-0.017305679371766722,1.1695099849249893,0.75,-0.9977742812627535,-0.9957348904583164,0.1,0.2,0.3,0.1,0.15,0.6,True,True,0.34815462364557626
0.8384136650235479,0.6361390694932478,0.003565284054707147,-0.019396055213180125,1.1339873128544147,0.75,-0.998198545458888,-0.9967427980822782,0.1,0.4,0.3,0.1,0.05,0.6,True,True,0.33493358380392446
0.8265087861757772,1.0038664207718504,0.0027368072133962433,-0.01528978094114585,1.1834195795138562,0.75,-0.9982286145390978,-0.9963848225562157,0.1,0.2,0.2,0.1,0.15,0.6,True,True,0.3236770424553943
0.5628487091161084,0.5310673837323852,0.006385717568813735,-0.018516828945968355,1.152025149574903,0.8007411396790615,-0.9975271646508124,-0.9956144829568144,0.1,0.4,0.1,0.1,0.1,0.6,True,True,0.3168105370156049
0.8041071219512773,0.9351629829063379,0.010292833858785145,-0.014878606376525874,1.3439365760089401,0.75,-0.9976272539616814,-0.9958167520821064,0.2,0.4,0.2,0.2,0.15,0.6,True,True,0.3105070800312092
0.8090274842243672,1.2947460996985536,0.0037689576284796206,-0.015541154965470608,1.1882263858637832,0.75,-0.9983149211199488,-0.9974122802145604,0.1,0.2,0.1,0.2,0.15,0.7,True,True,0.3073337713923545
0.807354079135995,1.2675336368815622,0.006665084056182718,-0.026856423244458187,1.1543803056492399,0.75,-0.9977135650609239,-0.9962576949016788,0.1,0.4,0.2,0.2,0.1,0.8,True,True,0.304609610705631
0.8120019171053869,0.9288644358118711,0.0021450059485986876,-0.03178018926930297,1.1526401605583882,0.75,-0.9972383878598093,-0.9951492236554346,0.1,0.4,0.2,0.2,0.15,0.6,True,True,0.30186384853598425
0.7806871834851169,1.032769187929755,0.007057283625067185,-0.022577028864512835,1.151602017633315,0.75,-0.9975677397010023,-0.9960783810293223,0.1,0.3,0.3,0.2,0.05,0.8,True,True,0.2801251122893924
0.7287204555018496,1.0523509604906442,0.004487896028458922,-0.03274094709888267,1.1401751973329795,0.75,-0.9978629157310486,-0.9959662693791799,0.1,0.4,0.2,0.1,0.15,0.7,True,True,0.22100955189644722
0.7151855601124492,1.0490799525679644,0.0019670582570293954,-0.02015776662950856,1.1445257612635524,0.75,-0.9981557793926216,-0.9970860154180161,0.1,0.3,0.3,0.2,0.1,0.7,True,True,0.20948292336908103
0.697143386946051,1.306608320242983,0.00355873111082538,-0.013111178368250615,1.160067773266213,0.75,-0.9987822591587824,-0.997792940071587,0.1,0.3,0.2,0.2,0.1,0.7,True,True,0.1961693929317413
0.7009252954173637,0.6622848311615425,0.006145213668342312,-0.04294014317982096,1.1607667834688455,0.75,-0.9978006550357452,-0.9958141122623014,0.1,0.3,0.3,0.2,0.1,0.8,True,True,0.19112349454744604
0.6940097344492945,0.8536725358493672,0.002190920885752911,-0.01634468860817476,1.1629608127024937,0.75,-0.9987326359795128,-0.998161440382294,0.1,0.4,0.3,0.2,0.1,0.8,True,True,0.19010096406892807
0.698429426908738,1.353184988455024,-0.00016876752994986327,-0.02624257652750676,1.1532290248675525,0.75,-0.9985888637500308,-0.9973849703007597,0.1,0.4,0.3,0.1,0.1,0.8,False,False,0.1877298752617954
0.42863873177955303,0.6590913384183539,0.00260410929585175,-0.01466639877352556,1.1398715012603657,0.8004008903276498,-0.9986629738481883,-0.9971941448711988,0.1,0.4,0.1,0.1,0.15,0.7,True,True,0.177901555063414
0.40643612852707667,0.2579150905650622,0.004623714050088698,-0.012809590923229622,1.3109796066968773,0.8005956610391413,-0.9980129909553347,-0.9968871656744338,0.2,0.4,0.1,0.1,0.15,0.6,True,True,0.15983905421359748
0.6622458732484082,0.5457000685979736,0.004179244000526685,-0.021714033178474312,1.3633054555965844,0.75,-0.9976541989803883,-0.9954365180903597,0.2,0.2,0.2,0.1,0.15,0.6,True,True,0.15857535277765056
0.6544794471185974,1.029576466358542,0.007468186714607257,-0.013303279086145068,1.3530363424151202,0.75,-0.9977062560278683,-0.9962123935264852,0.2,0.2,0.2,0.1,0.05,0.6,True,True,0.15811995954166802
0.6623370561828491,0.5633302214251776,0.0016583203444403543,-0.02473421792187112,1.181562352450828,0.75,-0.99763817765426,-0.9948782189747826,0.1,0.2,0.2,0.1,0.05,0.6,True,True,0.15443335342742903
0.6439439949685304,0.798396785156751,0.011269628097202656,-0.04091819970202302,1.318089175366643,0.75,-0.9969224044639137,-0.9947404977786436,0.2,0.3,0.3,0.2,0.05,0.8,True,True,0.14110026880436433
0.6343814889318923,1.0177562188371954,0.004088293018964047,-0.027979433165277387,1.1545253056575786,0.75,-0.9980792607134378,-0.9957921525289853,0.1,0.3,0.2,0.1,0.05,0.8,True,True,0.12809566728853816
0.3718664803028599,0.7013924957927704,0.002234656385005501,-0.019051814326388236,1.155876892042064,0.800575648523995,-0.9980797287720821,-0.9967771310761883,0.1,0.4,0.1,0.1,0.05,0.6,True,True,0.11980558485428613
0.6199249419786036,0.7761043010693336,0.0018541123287268747,-0.025057914707541627,1.1809064708959884,0.75,-0.9987317514444262,-0.9978296749316133,0.1,0.2,0.2,0.1,0.15,0.8,True,True,0.11212671089005921
0.6051982647169181,0.7815454410238297,0.013473065356125248,-0.023896853323244274,1.3901822519391713,0.75,-0.9971532138843017,-0.9955169206748677,0.2,0.3,0.3,0.2,0.15,0.7,True,True,0.11180720181497072
0.3595468370534922,0.41178194422283104,0.0029593428797332756,-0.013149923408414824,1.3337831017706958,0.8003610322756227,-0.998796028397753,-0.998105149438627,0.3,0.2,0.1,0.1,0.05,0.7,True,True,0.1096432405239198
0.6161920251785666,0.8219834915839502,0.0005207542871053255,-0.020890643874654332,1.1642301518365383,0.75,-0.9988569394136173,-0.9979875801711513,0.1,0.3,0.3,0.1,0.05,0.8,True,True,0.10846067277323135
0.604531180196797,1.1553737375344522,0.003971308885339226,-0.01939415815517578,1.1539085988986548,0.75,-0.9980961215456523,-0.9965727587105211,0.1,0.4,0.1,0.2,0.05,0.6,True,True,0.10153908759713381
0.5968944278811934,0.7561422859513532,0.009227958972504332,-0.020370342659531956,1.1563246999575296,0.75,-0.997835589367948,-0.9957883195659183,0.1,0.4,0.1,0.2,0.05,0.8,True,True,0.09981984158438584
0.6023170428522017,0.7494508349259523,0.0033793517996205105,-0.023455482709525948,1.1666760742993956,0.75,-0.9975457390508274,-0.9952109061693252,0.1,0.3,0.3,0.1,0.05,0.7,True,True,0.09699007192793585
0.34777052700586075,0.15246397733546815,0.00257770791275696,-0.01828548713147196,1.1681392064196539,0.8005522468202527,-0.998157898346825,-0.9969257571625122,0.1,0.2,0.1,0.1,0.15,0.6,True,True,0.09631081574984393
0.5968904878757357,0.6215158844145091,0.005838907014788857,-0.024306208240629023,1.1635682577131685,0.75,-0.9977622104488547,-0.995835664512969,0.1,0.3,0.1,0.2,0.15,0.7,True,True,0.0941746929972308
0.5911426814568904,1.1678905610312142,0.007859212905828295,-0.020946253873345637,1.370377541378157,0.75,-0.9981407286372915,-0.9967455971457596,0.2,0.3,0.1,0.2,0.05,0.7,True,True,0.0921952353945461
0.5844880756217364,0.717799431959089,0.011419764705079785,-0.027699065567952062,1.3643435634773717,0.75,-0.9966742542483193,-0.9950821196708186,0.2,0.4,0.3,0.1,0.1,0.7,True,True,0.08711216704065139
0.5943657187560418,0.4647887799751403,0.0013208547175833267,-0.022980148308453966,1.1667860945727002,0.75,-0.998009672600454,-0.9967754143923685,0.1,0.3,0.2,0.1,0.15,0.6,True,True,0.08675868509376017
0.5878364066532986,0.21505744631546267,0.009339584547020491,-0.03326497681611244,1.3763125235653164,0.75,-0.9969363854071353,-0.9954343915236198,0.2,0.3,0.3,0.2,0.1,0.7,True,True,0.08573791738327818
0.5840761911461269,0.7602694965288063,0.0016321763199010051,-0.013886411511123173,1.154667849403176,0.75,-0.9988039582767972,-0.9977142688356633,0.1,0.4,0.2,0.1,0.1,0.7,True,True,0.08048023812555882
0.5481455343273979,0.7320882100448834,0.009877232067245759,-0.026184826487155536,1.3293542751415741,0.75,-0.9965836227652637,-0.994061818788827,0.2,0.3,0.3,0.1,0.15,0.6,True,True,0.049524282213230575
0.5409722235323009,0.6170731133575119,0.017487962310356066,-0.03353679544932379,1.3670707840650458,0.75,-0.9964578626610856,-0.9939306313914849,0.2,0.2,0.3,0.2,0.15,0.7,True,True,0.04854306012499865
0.5606721670300665,0.8195421588713512,0.002582830021342213,-0.039032391996525265,1.1560719811537592,0.75,-0.9977728413125135,-0.9961925810576346,0.1,0.4,0.3,0.1,0.15,0.8,True,True,0.04815860625706703
0.5358450438009762,1.3426179031701138,0.010542748323150783,-0.011935174253916641,1.3600344511725646,0.75,-0.9978229639910723,-0.9959073406089354,0.2,0.4,0.3,0.1,0.15,0.6,True,True,0.043722272087190484
0.5496020340310188,0.9122400342518693,0.0011903807798797868,-0.02773902424967991,1.153700785161668,0.75,-0.9979922545164485,-0.9962617287177765,0.1,0.4,0.3,0.1,0.05,0.7,True,True,0.03993488126700251
0.5313627764329897,1.012267715611414,0.0012650830146709112,-0.011841827628433254,1.1217530786345347,0.75,-0.9990602200621546,-0.9985083877424186,0.1,0.4,0.2,0.1,0.05,0.8,True,True,0.028144144999221465
0.5226576254816214,0.883769146200746,0.007766630707024126,-0.026855778386968992,1.3486124455719803,0.75,-0.9977330539984774,-0.9961625761715099,0.2,0.3,0.3,0.1,0.1,0.8,True,True,0.021235270975262677
0.5187023526834549,1.1868773629063645,0.005268376120972775,-0.021808852297256077,1.1876707868969494,0.75,-0.9972050921389122,-0.9949316530597542,0.1,0.2,0.3,0.1,0.05,0.6,True,True,0.016300863109719677
0.4936834065787335,0.9107765890492673,0.015828354628790398,-0.014927530400026172,1.548389889135213,0.75,-0.9979578431924526,-0.9964591559469312,0.3,0.2,0.3,0.2,0.05,0.8,True,True,0.006706419973271482
0.4997164081592247,0.7990870675139026,0.008371820106711989,-0.03339482386795711,1.1769592219914409,0.75,-0.9974358956108406,-0.9956376895635659,0.1,0.3,0.3,0.2,0.15,0.7,True,True,-0.003595337259903797
0.4897217714330251,0.19885612278444098,0.01045550568529267,-0.017665041883057574,1.3492010394216396,0.75,-0.9978394677158383,-0.9965802883282288,0.2,0.4,0.3,0.1,0.05,0.7,True,True,-0.004797638497846757
0.4951796449177888,1.4597427550102313,0.008343152555868653,-0.026601594004012283,1.172688046047598,0.75,-0.9976580510888415,-0.996042942913278,0.1,0.3,0.2,0.2,0.05,0.6,True,True,-0.005449209616773754
0.4837033397179864,0.18874833902272664,0.005155954284640819,-0.013002477041177898,1.3176665750306757,0.75,-0.9987247087928546,-0.997733806327563,0.2,0.2,0.3,0.1,0.15,0.8,True,True,-0.015310505956915799
0.4672550743471394,0.5735331672444227,0.0029848266094528583,-0.012971004517999603,1.3140346697330956,0.75,-0.9986052670953779,-0.9974079634571039,0.2,0.2,0.2,0.2,0.1,0.7,True,True,-0.03435153552871695
0.45779514602734367,0.28948594957840085,0.007933277777858164,-0.02584468891331512,1.4035467139696909,0.75,-0.9975849049713867,-0.9956177072175475,0.2,0.2,0.2,0.1,0.05,0.8,True,True,-0.04302279620455257
0.4524011131234299,0.541996872441619,0.008588839195352782,-0.015933453274254248,1.27542882043947,0.75,-0.9979984458034287,-0.9964869258249982,0.2,0.4,0.3,0.1,0.05,0.8,True,True,-0.0436656611518485
0.21454801273130428,0.6567988945524026,0.00025435887534117996,-0.029084021228397164,1.16652479997163,0.8004583630712978,-0.998471191953585,-0.9974338736880707,0.1,0.3,0.1,0.1,0.15,0.8,True,True,-0.044488549753156165
0.4450290702759527,0.44070886824617067,0.00833463762087188,-0.012778306753248304,1.4163033383659593,0.75,-0.9984909857120371,-0.9974415027916965,0.3,0.3,0.3,0.1,0.1,0.7,True,True,-0.05008068728030041
0.45182534529723895,0.5933650752333706,0.004664480056327418,-0.01890803268573869,1.18249276053947,0.75,-0.9982446939831566,-0.9967407934306983,0.1,0.2,0.3,0.2,0.05,0.8,True,True,-0.05014049170946361
0.45466396191631,0.7424895204555643,0.002005550271792021,-0.01982340272652841,1.1864409275088348,0.75,-0.9986613328374305,-0.9974116487007516,0.1,0.2,0.1,0.2,0.15,0.8,True,True,-0.05085873884815095
0.45733322957265843,0.4626726475624783,0.004007957575951983,-0.03386413145711603,1.1538316481975859,0.75,-0.9970970190096902,-0.9945399814724093,0.1,0.4,0.3,0.2,0.1,0.6,True,True,-0.05140287391904558
0.4536718923644013,0.745438016154793,0.0018774536043018903,-0.026565710670076702,1.1655153603817057,0.75,-0.997889618941347,-0.9961271869131385,0.1,0.2,0.3,0.2,0.1,0.6,True,True,-0.05470144757846712
0.43792383696984155,0.5128997669595124,0.008674661604195718,-0.015765655917208587,1.45605601430603,0.75,-0.9981237715160507,-0.9962583407761215,0.3,0.4,0.3,0.1,0.1,0.6,True,True,-0.05797283147200699
0.44967459952853633,1.1221385480635497,0.002243221408305961,-0.0289987800637872,1.1528886076467473,0.75,-0.9978283203869456,-0.9961457105354892,0.1,0.4,0.3,0.2,0.15,0.6,True,True,-0.059233046807011414
0.45333699976439423,0.6847806405426207,-0.0016157227312952344,-0.03524152155428324,1.1490655920713322,0.75,-0.9979506605443736,-0.9954314298882683,0.1,0.4,0.2,0.2,0.05,0.6,False,False,-0.06269847613487334
0.4345218826501866,0.43663022645703553,0.005362467413891665,-0.020484689667250876,1.3315760326988495,0.75,-0.9984477585465683,-0.9973895244556971,0.2,0.4,0.1,0.2,0.1,0.8,True,True,-0.06723703232004374
0.4352559779171199,1.0520073219484898,0.007154746805885788,-0.02841642538365272,1.1904621968017057,0.75,-0.9970392456255772,-0.9957846819946168,0.1,0.2,0.1,0.2,0.15,0.6,True,True,-0.06752489606927825
0.17295159964658727,0.3634589988643995,0.01194702888776959,-0.02125186707506727,1.509338044275838,0.8006709332425018,-0.9977616990296009,-0.9966686425659901,0.3,0.2,0.1,0.1,0.1,0.7,True,True,-0.06785804630560704
0.4383866805089427,0.7298855327083067,0.0018173094954009631,-0.02178549956697663,1.1658142133233573,0.75,-0.9984360931279291,-0.9971251037522326,0.1,0.3,0.2,0.1,0.1,0.8,True,True,-0.06814674792336683
0.42525818531526405,0.44396603931122475,0.009041441789767636,-0.028258643397372617,1.3069190160861024,0.75,-0.9975955013036033,-0.9957201321535379,0.2,0.3,0.3,0.2,0.1,0.8,True,True,-0.07519554189596384
0.4264988327196341,0.43915465602203896,0.003462463675120767,-0.01934686981872904,1.2108907036476475,0.75,-0.998187830803833,-0.9970426249333998,0.1,0.2,0.3,0.1,0.05,0.7,True,True,-0.0770849587977126
0.42300925237360376,0.5048992529751094,0.006008333484767883,-0.029542443267804933,1.1982858847371298,0.75,-0.9964283071215133,-0.9937736180100565,0.1,0.2,0.2,0.1,0.1,0.6,True,True,-0.08159772475179672
0.42561983921638336,0.6955273453022878,0.006832491180428502,-0.04034420790203139,1.1533463797975914,0.75,-0.996872722712322,-0.9936016330750912,0.1,0.2,0.3,0.1,0.05,0.8,True,True,-0.08231885452791499
0.4022313431007512,0.5222801692580408,0.008502722636193012,-0.03280657561633614,1.1506667804678878,0.75,-0.9968171111336381,-0.994933312016492,0.1,0.4,0.3,0.1,0.05,0.8,True,True,-0.10068801998235166
0.3984361638990624,0.9905290251207635,0.004147458177926007,-0.012114057277658801,1.2813863168403459,0.75,-0.9988561687558699,-0.9981604425742538,0.2,0.4,0.2,0.2,0.1,0.8,True,True,-0.1014325091984899
0.3981350575435914,0.5668247508416271,0.002519787661975577,-0.00908781744524318,1.1854065978917743,0.75,-0.9991948122188746,-0.9983425826063106,0.1,0.2,0.2,0.1,0.1,0.8,True,True,-0.10247632424013514
0.38605466453583503,0.5973545677348879,0.013326136298364866,-0.022447810451268105,1.3612861491540162,0.75,-0.9968870757242801,-0.9947509330265585,0.2,0.4,0.2,0.2,0.05,0.7,True,True,-0.10693309608663437
0.12981964331150012,0.03711121468841072,0.009848884651731032,-0.013399197661703673,1.4068145137164074,0.8008023701911567,-0.9973221176421988,-0.9948830629266711,0.3,0.4,0.1,0.1,0.15,0.6,True,True,-0.10970952321532043
0.3837387325507842,1.0447869048424538,0.012773758206089501,-0.021954195523985566,1.5255085504419224,0.75,-0.997013037714681,-0.9952870704026398,0.3,0.4,0.2,0.1,0.15,0.6,True,True,-0.10971443581150264
0.3882612003501737,0.7306161209985024,0.009011533341123272,-0.022745199369002756,1.3199533468588716,0.75,-0.9968454047197033,-0.9935602837985892,0.2,0.4,0.2,0.2,0.05,0.6,True,True,-0.1100230393880795
0.3908295849782829,0.6876094903254538,0.0031421842580011392,-0.02136429972573064,1.1587572943972944,0.75,-0.9986007135600923,-0.9975202586292607,0.1,0.4,0.2,0.2,0.15,0.8,True,True,-0.11394551380240797
0.3798854792326281,0.35673843435118974,0.011029547736359353,-0.022455104906057257,1.5146292546173266,0.75,-0.9976678348129417,-0.9960140316989867,0.3,0.4,0.3,0.2,0.1,0.8,True,True,-0.11586110544616357
0.13598292931861722,0.589389176557435,0.0008881574934337284,-0.010589654457498704,1.1564729206864037,0.8002590051295646,-0.9991363463611703,-0.9982886446667038,0.1,0.3,0.1,0.1,0.05,0.7,True,True,-0.11589211782443878
0.38381351668420394,1.0652574355672193,0.009461677238081199,-0.028500124661291135,1.1706526999649625,0.75,-0.9966198434767267,-0.9942712210611401,0.1,0.3,0.3,0.2,0.05,0.6,True,True,-0.11623252049461508
0.3921674929278026,0.6579034554660399,-0.001679500862633557,-0.03201357503234041,1.1886955436473525,0.75,-0.9980205822114386,-0.9961606863804212,0.2,0.4,0.2,0.1,0.05,0.8,False,False,-0.12265333812029383
0.3716877551423392,0.49418834066192524,0.00943330553724229,-0.01560410144687626,1.4219083614383201,0.75,-0.9981516912142074,-0.996841558453175,0.3,0.4,0.3,0.2,0.15,0.7,True,True,-0.12323391879172052
0.3868619707900982,0.7572504069435796,5.387251368885795e-05,-0.036743797019914703,1.1735548948139467,0.75,-0.997183923972734,-0.9939426385074629,0.1,0.3,0.2,0.2,0.15,0.6,True,True,-0.12777090100144106
0.3638465412637776,0.4180593511674557,0.010691674017781427,-0.017343241418553226,1.527968959653223,0.75,-0.9981767791538197,-0.9965861247616709,0.3,0.3,0.1,0.2,0.15,0.8,True,True,-0.130260746482306
0.3547751001867436,0.07523900113630438,0.015261072790222058,-0.00874587189772064,1.4330133453608305,0.75,-0.9974217832757979,-0.9955833963516125,0.3,0.3,0.2,0.2,0.15,0.7,True,True,-0.13040996122407822
0.11143092963334794,0.541033527858616,0.00856611839593253,-0.020710756378222516,1.1752360352478186,0.8007338203264175,-0.9975516704815549,-0.995797225500288,0.1,0.3,0.1,0.1,0.1,0.6,True,True,-0.1329049292107346
0.11052642555096738,0.1717266582889087,0.009714129420117809,-0.023288225686483834,1.319414683562365,0.8005787259557556,-0.9980693190911243,-0.9965423615706118,0.2,0.3,0.1,0.1,0.1,0.8,True,True,-0.13423827964070664
0.36369012487030894,0.8455682319100611,0.001338478600811155,-0.01815855209759609,1.1356524930693215,0.75,-0.9980019796497633,-0.996278601157039,0.1,0.2,0.3,0.1,0.1,0.6,True,True,-0.1419671216477561
0.3357653562127203,0.3884825649304272,0.004299056390873226,-0.008884455305066792,1.3593872205887723,0.75,-0.9990766740284707,-0.9984677551052692,0.2,0.3,0.3,0.1,0.15,0.8,True,True,-0.16262955824025854
0.3301931681210577,0.2843272974685652,0.001676763871196482,-0.008226255650995199,1.1554037468307348,0.75,-0.999082411443924,-0.9983271711525342,0.1,0.3,0.2,0.1,0.05,0.7,True,True,-0.1710852174939046
0.31934250862371255,0.44983651029852145,0.0028769774064000895,-0.02280620462251456,1.175411755452523,0.75,-0.997616316126809,-0.9952275213785595,0.1,0.2,0.2,0.1,0.15,0.7,True,True,-0.18632760033761314
0.06474259282618444,0.08729158381978436,0.0031290920989542935,-0.027297067419542215,1.1671950349918323,0.8008461329957018,-0.997176524244751,-0.9953892726636866,0.1,0.3,0.1,0.1,0.05,0.6,True,True,-0.18819065864437812
0.31807784573300685,1.2776839484254703,0.0024322990192104316,-0.023304951382791622,1.1505009774376314,0.75,-0.998328800273402,-0.9968711903416625,0.1,0.4,0.3,0.1,0.15,0.6,True,True,-0.1883253759970573
0.31603703749692,0.9225622608971935,0.0015865085578145033,-0.018625001798902308,1.1557616504462982,0.75,-0.9985996179550168,-0.9976662811833078,0.1,0.4,0.2,0.1,0.15,0.8,True,True,-0.18950915295326348
0.31280116528196134,0.7625587243484087,0.003669584526067215,-0.023252464862584556,1.1730760846066568,0.75,-0.9980908798343001,-0.9967046535464855,0.1,0.2,0.3,0.1,0.1,0.7,True,True,-0.19209631923179182
0.2934513578834425,0.6951390012582265,0.010464832297654726,-0.02014837953689386,1.373608697847725,0.75,-0.9977075357660471,-0.9957743945048687,0.2,0.3,0.3,0.1,0.1,0.7,True,True,-0.20205019517412937
0.2849685891866659,0.4783204862110194,0.013362343367855228,-0.022455189267594208,1.5522303439570726,0.75,-0.9977691515737815,-0.9959768148094076,0.3,0.2,0.3,0.1,0.1,0.8,True,True,-0.20797867447894552
0.2823999653684744,0.715532237592224,0.012351926465756696,-0.020183565212574327,1.4080293746382282,0.75,-0.9972376044461835,-0.9953284072759188,0.2,0.2,0.1,0.2,0.1,0.6,True,True,-0.21085114895764734
0.03424474535021695,0.6877525696882608,0.0028858094267344377,-0.015586549345927554,1.278321570940167,0.8003915177690819,-0.9986942853951915,-0.9977067281489403,0.2,0.4,0.1,0.1,0.05,0.6,True,True,-0.21656931423066322
0.28369614177231806,0.4511505135820183,0.0019421959726540771,-0.011704138752297434,1.174138408007945,0.75,-0.9987155879674167,-0.9978225931057702,0.1,0.3,0.2,0.2,0.1,0.6,True,True,-0.21865487856141602
0.2797886068350551,1.0481054658042182,0.0008381494304688076,-0.018038815796782535,1.173517853383523,0.75,-0.9982864235516901,-0.9970191525652304,0.1,0.3,0.2,0.2,0.15,0.7,True,True,-0.22642114016709536
0.27316103693262206,0.6501625984353168,0.002915870072364377,-0.012296781435967673,1.3219335799154288,0.75,-0.9990009445707809,-0.9983034921868338,0.2,0.2,0.2,0.2,0.1,0.8,True,True,-0.22825863155492776
0.27375524071490265,0.7017614715021211,0.004085921935671166,-0.02164401985927512,1.186240235573593,0.75,-0.9983104934177918,-0.9968558916311342,0.1,0.2,0.3,0.2,0.05,0.7,True,True,-0.22999926090600203
0.26880167281266676,0.3888476253413612,0.005389309358577805,-0.027842136159623016,1.1575776678233836,0.75,-0.9973978406511808,-0.9959158936540989,0.1,0.2,0.2,0.2,0.1,0.6,True,True,-0.23586801042088906
0.26824797568449693,0.8939185850993184,-0.0006057820546202684,-0.017038099456762844,1.152073573516317,0.75,-0.9987670520848028,-0.998142367170225,0.1,0.4,0.3,0.2,0.1,0.7,False,False,-0.23929420256375256
0.2628520421279803,0.6407953523186645,0.0006587846091853026,-0.010014442360480724,1.1706154820785317,0.75,-0.9990016079176292,-0.9981987886690862,0.1,0.2,0.1,0.2,0.05,0.7,True,True,-0.24036319328518962
0.014040760938415395,0.46720832570683984,0.0015436434892223965,-0.023109884912768247,1.15498778062982,0.8005743667372482,-0.9980838088424521,-0.995851625755055,0.1,0.4,0.1,0.1,0.1,0.7,True,True,-0.24047898715338384
0.004340679800896633,0.2823776066287931,0.0023527478467397314,-0.00870910263436403,1.3067387834087896,0.8002649535144488,-0.9991165173830273,-0.9983731830793742,0.2,0.4,0.1,0.1,0.1,0.7,True,True,-0.24499489626451723
0.25771828176270084,0.7348016737156625,-0.001219650423081006,-0.01586185416370173,1.1607499925204674,0.75,-0.9991720225046206,-0.9984015452618228,0.1,0.3,0.1,0.2,0.1,0.7,False,False,-0.250090040410477
-0.005836764189358715,0.7269546015759673,0.006422127655557995,-0.021677789019629193,1.364266246272246,0.8007640622376807,-0.9974505735728809,-0.9958951207795355,0.2,0.3,0.1,0.1,0.15,0.6,False,False,-0.2529810154221373
0.23866559200725737,0.40748096325096433,0.005865179347566473,-0.020282931664012464,1.3447740769696253,0.75,-0.9976918407244214,-0.9961296110884161,0.2,0.3,0.3,0.2,0.05,0.6,True,True,-0.26240936544126786
-0.017604871502108085,0.1461825138292479,0.0023640901255462888,-0.012129337952977378,1.171533711208326,0.80027809601705,-0.9990726653328622,-0.9981100199499079,0.1,0.3,0.1,0.1,0.05,0.8,False,False,-0.2682292184473934
0.23064130393034604,0.7136127166938706,0.00445257161224362,-0.014133635080921267,1.3703344921241936,0.75,-0.9984616327953374,-0.9972899654098168,0.2,0.2,0.3,0.2,0.1,0.7,True,True,-0.2696690641673301
0.2342296402664572,0.31022423896038126,0.0020561643421928423,-0.024808482327234534,1.1635121648500706,0.75,-0.997990245186505,-0.9967598638541897,0.1,0.2,0.3,0.1,0.15,0.7,True,True,-0.2732263554538052
-0.03133257888112426,0.16781420171228398,0.0084054280276682,-0.0151313169742347,1.3328750004330217,0.8004788199067543,-0.9984028966258451,-0.9967561777746887,0.2,0.4,0.1,0.1,0.1,0.8,False,False,-0.27490449250384486
0.21805887644966615,0.1644201035949235,0.0075923164123593715,-0.02561974085361981,1.3434644277807557,0.75,-0.9979016635353753,-0.9964399456742637,0.2,0.3,0.2,0.2,0.05,0.7,True,True,-0.28307824019695055
0.22415887261939194,0.4638434675609477,0.0025100360144935207,-0.030959914416273528,1.1610214700384252,0.75,-0.9974722844297012,-0.9953530027012143,0.1,0.3,0.1,0.2,0.05,0.6,True,True,-0.28521304992972524
-0.029397886521484482,0.3353836647894,-0.0003315224510731185,-0.02233896243301455,1.1768806694655163,0.8005084400361697,-0.9983040502796456,-0.9969791160381286,0.1,0.2,0.1,0.1,0.05,0.7,False,False,-0.28618909825512945
0.21496651429232394,0.6902138587519248,0.004480879443000077,-0.03279123964098268,1.1498902711486467,0.75,-0.9975819403696341,-0.9965800603020019,0.1,0.4,0.3,0.1,0.15,0.7,True,True,-0.29277292623246903
-0.04753511939340533,0.27418901228124865,0.005458484742904751,-0.016987574144650013,1.3546520254009906,0.800629643123908,-0.9978993978031739,-0.9958685370791622,0.2,0.4,0.1,0.1,0.1,0.6,False,False,-0.29463175174023937
-0.05001749245335306,-0.008671831169632167,0.00204499525097685,-0.020119855036066996,1.1608632343019687,0.8006391399865033,-0.997867690283342,-0.9961746948040967,0.1,0.3,0.1,0.1,0.15,0.6,False,False,-0.30241574023409135
0.18617609177903185,0.6666682017196875,-0.0004555093164978351,-0.020016524163784275,1.1636093700737762,0.75,-0.9988344987962491,-0.9970306000089282,0.1,0.3,0.3,0.2,0.15,0.6,False,False,-0.32237712906627924
-0.0860986997026192,0.05918542366742595,0.004778122364947315,-0.01226305771978287,1.3157462781060532,0.8003211105307753,-0.9989291669417463,-0.997974293269382,0.2,0.4,0.1,0.1,0.05,0.8,False,False,-0.3336646232987193
0.17048243922473386,0.48651941138802013,-0.0005055817686792025,-0.014871877489291443,1.1306490154071849,0.75,-0.9989484503302625,-0.9980648558303621,0.1,0.4,0.3,0.1,0.1,0.7,False,False,-0.3360730098933977
0.15169100252024922,0.7646014125747903,0.013457055890026643,-0.018882929770641453,1.500909866533934,0.75,-0.9969338143063052,-0.9952329002788508,0.3,0.2,0.2,0.2,0.05,0.6,True,True,-0.3397137023199754
0.16637878756178762,0.7305951449076308,0.0007367736626730388,-0.030577376936236432,1.1367283895784979,0.75,-0.9977380261978068,-0.9952416822485112,0.1,0.4,0.2,0.1,0.1,0.6,True,True,-0.34496803481749927
0.15082807576651236,0.3371560803199248,0.009040571204428534,-0.02154662043447789,1.337549708658345,0.75,-0.9979206240218188,-0.9966253078085838,0.2,0.3,0.2,0.2,0.1,0.7,True,True,-0.34694188696196454
0.1579997265291471,0.901789189612193,0.002330337347909318,-0.027284084965791277,1.1823192260757958,0.75,-0.998118573708937,-0.9968473260073626,0.1,0.2,0.2,0.1,0.1,0.7,True,True,-0.3501175026396782
0.1494607891656456,0.9900144391896069,0.003938838902167847,-0.024451391288894887,1.1661452003639394,0.75,-0.9979733612772653,-0.9963505491783496,0.1,0.3,0.2,0.2,0.15,0.8,True,True,-0.35559316066731095
0.14857080579053356,0.5932655522883215,0.002268721294354936,-0.025455263569806093,1.1759811492366847,0.75,-0.9985546832898575,-0.9970719419279395,0.1,0.2,0.3,0.2,0.1,0.8,True,True,-0.35888883408416294
-0.11200587637028893,0.2909606578603194,0.003557798069674144,-0.015233118395712597,1.162684710035858,0.8004921282622757,-0.9983585325362131,-0.9968626943895705,0.1,0.3,0.1,0.1,0.1,0.8,False,False,-0.3613691247335867
0.12962141707256322,0.11759086509430862,0.005695188646779704,-0.013274506382402813,1.5629973082903794,0.75,-0.9988516548774092,-0.9982276568371352,0.3,0.4,0.2,0.1,0.1,0.8,True,True,-0.3688541591042622
0.13264851407287664,0.5044078620365698,0.0029310614292092033,-0.013633466534140432,1.15144636101528,0.75,-0.9982765194893629,-0.996678199580918,0.1,0.4,0.3,0.1,0.1,0.6,True,True,-0.3692875988257285
0.13372765149019822,0.17892876106136388,0.0035634856917660953,-0.02062716946997829,1.3087530044802058,0.75,-0.9981011671385622,-0.996333589086503,0.2,0.2,0.3,0.1,0.05,0.7,True,True,-0.37024703346767374
0.1205520986591708,0.21854862140957854,0.003684620925357176,-0.009048517601402212,1.5081533799070568,0.75,-0.9987709973818248,-0.9976204434937331,0.3,0.2,0.2,0.2,0.15,0.6,True,True,-0.37864576327096144
0.11587793584062944,0.8786867306769053,0.012217112593728579,-0.024052691938294287,1.3805996399551084,0.75,-0.9977352698508852,-0.9961662648898338,0.2,0.4,0.3,0.1,0.1,0.8,True,True,-0.379082605822214
0.11223463544784607,0.5340992897939499,0.009904241987686274,-0.017668494266900304,1.527538405545438,0.75,-0.997966440908692,-0.996789028510423,0.3,0.3,0.2,0.1,0.1,0.7,True,True,-0.3829476718736905
0.11958725741834104,0.2475424278484572,0.002936738481492136,-0.030648339820088456,1.164360910475297,0.75,-0.9978696751161864,-0.9957362527888979,0.1,0.3,0.2,0.1,0.15,0.8,True,True,-0.3891479923319038
0.1179250376231666,0.46221457125263404,0.0014773544493580145,-0.026983493217297167,1.177399824183252,0.75,-0.9984363853337346,-0.996884227050401,0.1,0.3,0.1,0.2,0.05,0.7,True,True,-0.39109553432452265
0.11025067480469453,0.19991569683499585,0.00450504508402218,-0.020553531736954376,1.332775629966178,0.75,-0.9982409685438095,-0.9964719811659432,0.2,0.4,0.3,0.2,0.1,0.8,True,True,-0.39256468378926057
0.10174752964384043,0.6297392859246747,0.00610051652469395,-0.017253652116991126,1.3704493362138923,0.75,-0.9983288353776374,-0.9967057470243569,0.2,0.3,0.2,0.2,0.15,0.8,True,True,-0.3978333113733233
0.09969372741517088,0.1917463030048514,0.001418235129813762,-0.011179379718767788,1.4503534468066337,0.75,-0.9990701064068664,-0.9982199808450256,0.3,0.4,0.2,0.2,0.15,0.7,True,True,-0.40307614231655975
0.09322252249771293,0.595862080579463,0.004531437034867441,-0.01583760802321593,1.176757376949782,0.75,-0.9984297139039202,-0.9972302433560721,0.1,0.2,0.1,0.2,0.1,0.6,True,True,-0.4076747962697325
0.10195922478240577,0.8098661435724663,0.0013209712188279985,-0.029329881749904946,1.1561180068219694,0.75,-0.9977460314767946,-0.9960272230696756,0.1,0.4,0.3,0.2,0.15,0.7,True,True,-0.4081875624549626
0.10297420717327677,0.6766128178390126,-0.001340230631957418,-0.029534697497347183,1.1769253599068583,0.75,-0.9983429182493438,-0.9967261648307078,0.1,0.2,0.1,0.2,0.1,0.7,False,False,-0.410447948584011
0.09153298921348348,0.7079327339538134,0.0021911201409304834,-0.016161313709828987,1.3753521418022685,0.75,-0.998309188009047,-0.9968209975815812,0.2,0.3,0.1,0.2,0.05,0.6,True,True,-0.41230219210133157
0.07758693048805528,0.260731007953562,0.00654530067298475,-0.01371784810735981,1.5428838158552833,0.75,-0.9984925334864381,-0.997106813042616,0.3,0.2,0.3,0.1,0.1,0.7,True,True,-0.4200458479473069
-0.17071206969664937,0.44607960545692243,0.006202120271289719,-0.028518344128319915,1.3781538097476365,0.8006429751143257,-0.9978549535134691,-0.9960222711702701,0.2,0.4,0.1,0.1,0.15,0.8,False,False,-0.4214619874508012
-0.16597692659664265,0.2364052624007287,0.0005528144388878696,-0.024568075921631793,1.16935295292427,0.8004713278658159,-0.9984278535870879,-0.9967897759448723,0.1,0.2,0.1,0.1,0.1,0.8,False,False,-0.4227841403095506
0.07441361889479371,0.3737217505163576,0.0070882917585530615,-0.014732986691099376,1.3772051026390209,0.75,-0.998309260257365,-0.9972238427175341,0.2,0.3,0.3,0.2,0.05,0.7,True,True,-0.42297362567138236
0.07015917100090377,0.2821906343433704,0.004749754073029395,-0.018203214765680507,1.1527290489530286,0.75,-0.9977161645645026,-0.9958368419859085,0.1,0.3,0.3,0.1,0.05,0.6,True,True,-0.4314224100177332
0.061367134320422394,-0.21801215125075152,0.01206077015367024,-0.018697707465038942,1.3389800263526663,0.75,-0.9976045455540535,-0.9956011794453017,0.2,0.4,0.1,0.2,0.1,0.7,True,True,-0.4316390244811889
0.07449176988672396,0.7567811294561981,0.0018682573124718012,-0.023098888765501074,1.1786868398242778,0.75,-0.9978827616513519,-0.9960477114706516,0.1,0.2,0.2,0.1,0.05,0.7,True,True,-0.4325058768445103
0.06693245923621886,0.5191866545697679,0.0036228971167848742,-0.020859939792894543,1.1552326953089591,0.75,-0.9983877542810236,-0.9969837688696565,0.1,0.4,0.2,0.1,0.1,0.8,True,True,-0.4370640401407971
-0.18832295896612924,0.5436747197887147,0.001382757799540276,-0.012588873942961277,1.1526098811107102,0.8002857133320249,-0.9990472871335183,-0.9983616056188953,0.1,0.3,0.1,0.1,0.1,0.7,False,False,-0.4402706325237409
0.07006077011487506,0.8001472527953423,0.0036418840964668672,-0.04352727267411049,1.1562598703848077,0.75,-0.9971265976813348,-0.9953907913441236,0.1,0.4,0.2,0.1,0.05,0.7,True,True,-0.4429798780390089
0.05889155475981603,0.3550224118921958,0.00266006799744499,-0.018049220096896402,1.331855727763459,0.75,-0.9983923785192709,-0.9971313918093007,0.2,0.2,0.2,0.1,0.05,0.7,True,True,-0.44513605168200854
0.056903680646188975,0.17905217231115103,0.004286992281691761,-0.02091038489556665,1.3412633583586815,0.75,-0.9984329538718694,-0.9968174760023353,0.2,0.4,0.2,0.2,0.1,0.7,True,True,-0.44631608257400757
0.0584797821306309,0.26165171184594416,0.003503284645269226,-0.025368801186242778,1.1732343826716178,0.75,-0.9983006533391622,-0.9967691403543432,0.1,0.3,0.3,0.1,0.1,0.7,True,True,-0.4474637967695431
0.05013535804974863,0.5752338409583516,0.00015772785528408865,-0.019878780889157382,1.1540672189728607,0.75,-0.9988769661618351,-0.9977084534999631,0.1,0.4,0.2,0.2,0.15,0.7,True,True,-0.4576268808795734
0.043428380112659815,0.13312494934575825,0.004161655874934714,-0.016423330540239905,1.328751716934314,0.75,-0.9984068281675519,-0.9974641332997297,0.2,0.4,0.3,0.2,0.05,0.8,True,True,-0.4581469650535145
0.04015398607528715,0.39226218181581474,0.007732700923595398,-0.022043147662302424,1.3385830883903453,0.75,-0.9976717026360706,-0.9961643233189468,0.2,0.3,0.2,0.1,0.15,0.7,True,True,-0.4593840318813194
0.03636388127880047,-0.23142899277786283,0.005440927763713225,-0.010263196911802951,1.5469339465220764,0.75,-0.9989099430880055,-0.998206517568121,0.3,0.3,0.2,0.1,0.15,0.7,True,True,-0.46121228416946486
0.05782985555079366,0.2742170594131507,0.0018231925309518053,-0.05353014406547519,1.1661925795704844,0.75,-0.9965126466406202,-0.9927018349508417,0.1,0.3,0.3,0.2,0.15,0.8,True,True,-0.46139437103825426
-0.21771576124992895,-0.17061846451370435,0.004648051195713051,-0.013511402033309987,1.345349865617894,0.8004570551694026,-0.9984755724764866,-0.9972236410591564,0.2,0.3,0.1,0.1,0.1,0.7,False,False,-0.46525738478138445
0.030907628423126214,0.47021443476545804,0.009356859340102533,-0.02629325761233849,1.3915818970778735,0.75,-0.997624338440003,-0.9955156995473974,0.2,0.3,0.1,0.2,0.1,0.7,True,True,-0.46838144341368615
-0.22665216053575765,0.3898467997430246,0.0014171966323038613,-0.016098226285803843,1.1754549202165792,0.8003686413209209,-0.9987706157657251,-0.9978666997859018,0.1,0.2,0.1,0.1,0.1,0.7,False,False,-0.47954760848671013
0.022967769125585298,0.5397969205847495,0.001965605498842657,-0.014472490099824988,1.350454118148551,0.75,-0.9985532261763077,-0.9967722397573295,0.2,0.4,0.3,0.2,0.15,0.7,True,True,-0.4804625003157335
0.010516684207039202,0.32768701329579186,0.003726236289138772,-0.015540630854689354,1.3401147932146886,0.75,-0.9984929181505116,-0.9971323287286687,0.2,0.2,0.3,0.1,0.1,0.6,True,True,-0.49122808458787004
0.007115238211398461,0.031583273083964594,0.0030384009877379684,-0.00861545339820643,1.5052676101970692,0.75,-0.9991150443982247,-0.9983826245781006,0.3,0.4,0.2,0.2,0.15,0.6,True,True,-0.49268486196259853
0.005484843414334258,0.6515351857553467,0.008241236932363913,-0.021940565453687586,1.3822996924205908,0.75,-0.9980530295609625,-0.9964710922420233,0.2,0.3,0.3,0.1,0.05,0.8,True,True,-0.49340189844830407
0.004377754415656187,0.2211162816795616,0.00471455238928696,-0.013825087221675086,1.3496185528832791,0.75,-0.9986635568663129,-0.9979014605943204,0.2,0.4,0.3,0.2,0.1,0.7,True,True,-0.4954948176058695
-0.2429851509719172,0.3270457616246795,0.0019445564212705712,-0.020157829986052228,1.1648784533669891,0.8005400049454171,-0.9981985316589956,-0.9961279083109821,0.1,0.2,0.1,0.1,0.1,0.6,False,False,-0.4960147905337279
0.00481409310580366,0.7059036278806545,0.0012164272967661966,-0.022517215837503837,1.1613181930107663,0.75,-0.9986810620593742,-0.997172084052736,0.1,0.3,0.3,0.1,0.15,0.8,True,True,-0.5027330804730784
-0.01645339036920287,-0.06992282377119409,0.015644688460224324,-0.019869212198766213,1.4720942854470975,0.75,-0.9975199782361878,-0.9957981009675348,0.3,0.2,0.2,0.2,0.15,0.8,False,False,-0.5056274490964402
0.0015037432743922447,0.4077157599962016,0.0028081322648734154,-0.02790057132957739,1.2014596365616603,0.75,-0.9979647662363647,-0.9963474711207508,0.1,0.2,0.3,0.1,0.1,0.8,True,True,-0.5062867265395906
-0.007353587583287818,0.1644970049681863,0.0031494966965640698,-0.028221695756279978,1.1719808374913554,0.75,-0.9973014948703921,-0.9949714927716031,0.1,0.3,0.1,0.2,0.15,0.6,False,False,-0.5148628698499229
-0.020509908035102224,-0.027381389801459783,0.005773899775366246,-0.015657072620112997,1.4963253841869444,0.75,-0.9982481429201692,-0.9970901114499197,0.3,0.3,0.3,0.2,0.05,0.7,False,False,-0.5198440573527079
-0.02188920605272976,0.6633930058468984,0.003036488868274565,-0.018622987776157795,1.1644745752874022,0.75,-0.997840027074002,-0.9962425872605479,0.1,0.3,0.2,0.1,0.1,0.7,False,False,-0.5256946145212634
-0.02660733439584105,0.18773364693456515,0.006552783262497001,-0.02177490013395543,1.5673652771862705,0.75,-0.9976583634677151,-0.9957125811369492,0.3,0.4,0.3,0.2,0.05,0.6,False,False,-0.5274539545344268
-0.27461892269944227,0.47405615668356216,0.00025544355443702467,-0.02939760784168088,1.1547076047152076,0.8005404793937189,-0.9981969491559478,-0.9962686797011282,0.1,0.4,0.1,0.1,0.05,0.8,False,False,-0.5333690366021959
-0.2813147618463948,0.5844173808213534,0.0016046166050112359,-0.018134240106385004,1.1537174691126755,0.8003649115022985,-0.9987830155360619,-0.9976395604250541,0.1,0.4,0.1,0.1,0.05,0.7,False,False,-0.5348183604514429
-0.04144420356298804,0.23396978688669692,0.009466489718518557,-0.02930318922232759,1.4731590254761453,0.75,-0.9969546698436426,-0.9945192885761965,0.3,0.4,0.2,0.2,0.1,0.6,False,False,-0.5418056915896968
-0.2953152856140644,0.432179244707613,0.005208838793628495,-0.020077654663431744,1.1936650543574399,0.8005143990367385,-0.9982841376109085,-0.9970682324643761,0.1,0.2,0.1,0.1,0.15,0.8,False,False,-0.5445237457433905
-0.050822479960460035,0.024985138535245983,0.008645426688033545,-0.014022029850995139,1.4324071197428414,0.75,-0.998313221921827,-0.9975073925171017,0.2,0.2,0.3,0.1,0.15,0.7,False,False,-0.5460567798752178
-0.04862460436143781,0.5119257600706468,0.002864521121373619,-0.011326055144754342,1.2190065318701369,0.75,-0.9990769453439954,-0.9981421683556421,0.1,0.2,0.3,0.2,0.15,0.8,False,False,-0.5497176010736912
-0.05852154160406763,-0.016735718060284677,0.011971319559502062,-0.018510960438053416,1.5253633059799465,0.75,-0.9974721457144894,-0.9956070678906203,0.3,0.4,0.3,0.1,0.1,0.8,False,False,-0.5515603423078865
-0.05469285544677157,0.47399962574274845,0.0073807045270237095,-0.021911965781643818,1.3619566683542492,0.75,-0.9982359231548844,-0.9967751116333589,0.2,0.2,0.3,0.2,0.15,0.8,False,False,-0.5546007963270007
-0.04883470523963468,0.909739447565576,0.005487517240496178,-0.031320357873584614,1.17270137346633,0.75,-0.9979851102126166,-0.99638250848077,0.1,0.3,0.3,0.1,0.1,0.8,False,False,-0.5547778277004731
-0.057098538248618574,0.2863815302409951,0.0032561465016378664,-0.01232281282222448,1.3259540986474452,0.75,-0.9987855909702302,-0.9979704609370742,0.2,0.4,0.2,0.1,0.15,0.8,False,False,-0.5581202875755429
-0.05790377790989509,0.3176072918055693,0.0015963548961764778,-0.018970784240021635,1.3406906014995887,0.75,-0.9984823775712791,-0.9972791467544981,0.2,0.3,0.1,0.2,0.15,0.7,False,False,-0.563576465730492
-0.07686039052097002,0.6159808159719821,0.016276336963382192,-0.030004572456673793,1.6058242991736096,0.75,-0.9970222972170208,-0.9950796340960275,0.3,0.4,0.1,0.2,0.1,0.7,False,False,-0.5693306151475809
-0.32152500958269326,-0.05592734440040819,0.002725087664614018,-0.012684918952033197,1.3426330996787792,0.8003440445252811,-0.9988526767051277,-0.9979394868459224,0.2,0.2,0.1,0.1,0.1,0.8,False,False,-0.5716086493395643
-0.0781720027398051,0.2815654264323191,0.008107383364428504,-0.019671829966725597,1.3982966527568377,0.75,-0.9973859501431559,-0.9959210534964016,0.2,0.4,0.3,0.1,0.1,0.6,False,False,-0.5763118746891811
-0.06874592706403061,0.04701412686106777,0.002253137513925154,-0.027280803324639776,1.1544204629120334,0.75,-0.9979281597665373,-0.9962554410062494,0.1,0.4,0.1,0.2,0.1,0.7,False,False,-0.5769544833771764
-0.08291756370530484,0.35023527893387346,0.005825204282586547,-0.01899725226522714,1.365315070444165,0.75,-0.998279546061849,-0.9966401266078605,0.2,0.2,0.2,0.1,0.1,0.7,False,False,-0.5835262194722919
-0.08289109855020489,0.9971946437299324,0.0036189005088495016,-0.01771847552053872,1.158526729036109,0.75,-0.9988008096842296,-0.9972241410348776,0.1,0.4,0.1,0.2,0.15,0.8,False,False,-0.585635808147801
-0.09010032661245987,-0.1285839550996834,0.008395986241241004,-0.014428848390403967,1.561289909063689,0.75,-0.998433848878415,-0.9974811320194492,0.3,0.4,0.3,0.1,0.05,0.7,False,False,-0.5857966824791323
-0.08350413680301563,0.33264577068384377,0.006817053061620989,-0.0341207830352933,1.4949700977328066,0.75,-0.9978541197336901,-0.9967582933128992,0.3,0.3,0.2,0.1,0.1,0.8,False,False,-0.5889719863431877
-0.3506983926865168,-0.5061829498740734,0.004115560084592178,-0.014535994767958686,1.449072226283781,0.8004007749789234,-0.9986633194077075,-0.9972280954720271,0.3,0.2,0.1,0.1,0.15,0.8,False,False,-0.5995702435975728
-0.10723616349772715,-0.07149395947135113,0.008876647495606476,-0.011217103516425004,1.579198839468401,0.75,-0.9985894292897912,-0.9974918246958682,0.3,0.2,0.2,0.2,0.05,0.8,False,False,-0.6010710279095693
-0.10682755991683,0.03581698362281545,0.004975919925548797,-0.012900003636330074,1.519332999379039,0.75,-0.9987474618059432,-0.9978785164991187,0.3,0.3,0.1,0.2,0.05,0.8,False,False,-0.6060164574607034
-0.11250515546953746,0.4093526826871798,0.005135651437598894,-0.014722325267880346,1.4764275296835776,0.75,-0.9986028467105871,-0.9974771545770815,0.3,0.4,0.2,0.1,0.05,0.8,False,False,-0.6122313038515709
-0.11110075515623691,0.4380559182477311,0.004461185871485285,-0.01777067918109785,1.3817604633656153,0.75,-0.9980577193653395,-0.9966502202217051,0.2,0.4,0.2,0.1,0.15,0.6,False,False,-0.6128556037828937
-0.11159661782764968,-0.08616416218997329,0.0031971219148495497,-0.013135170895336236,1.3844790471603685,0.75,-0.9983109838622722,-0.9971211955561998,0.2,0.2,0.1,0.2,0.05,0.6,False,False,-0.6130141398879647
-0.12118230687445306,0.02953135530428506,0.003981961889972307,-0.009469565068535357,1.3097083029456766,0.75,-0.9989585745021462,-0.9981573038568613,0.2,0.3,0.2,0.1,0.05,0.8,False,False,-0.6201917786339004
-0.3853837904287081,-0.10146046276112176,0.012380312390834569,-0.016882639430444824,1.5763132221755127,0.8005120870349932,-0.9982919203633238,-0.9968445428711714,0.3,0.4,0.1,0.1,0.05,0.8,False,False,-0.6247200361569185
-0.1192526699042419,0.1410376622651063,0.006068373292754538,-0.03472269723372712,1.3747651131897032,0.75,-0.9972404392839015,-0.9949658849022435,0.2,0.2,0.1,0.2,0.15,0.8,False,False,-0.6258597008464273
-0.13113424559704434,-0.05189023692802442,0.0038981624391941916,-0.008623462246366476,1.3679728520525407,0.75,-0.9988365345533519,-0.9979938079966075,0.2,0.4,0.2,0.1,0.1,0.6,False,False,-0.629905835568558
-0.1301840940022689,0.27293918515611315,0.002465655527252495,-0.019435386818947575,1.3266605945003602,0.75,-0.9980556594306758,-0.9960809548412072,0.2,0.4,0.2,0.1,0.05,0.6,False,False,-0.634999462097145
-0.12430412070425555,0.5868460495827468,-0.00020845871741962123,-0.027052774221925882,1.1549474198454712,0.75,-0.9983315115077072,-0.996758701350721,0.1,0.4,0.1,0.2,0.15,0.7,False,False,-0.6353753808539294
-0.38178263861125006,0.25479545322258745,0.0005201356879256234,-0.021508403111795738,1.196839213257268,0.8004114199869357,-0.998627808759277,-0.9975397335078746,0.1,0.2,0.1,0.1,0.15,0.7,False,False,-0.6377047370957794
-0.3996216497600931,0.0021452287799978323,0.009417827784475747,-0.013690691374594353,1.4207992807314391,0.8005074127102147,-0.9983075178890174,-0.9968419012412933,0.2,0.3,0.1,0.1,0.15,0.7,False,False,-0.6412594694174862
-0.1328443661708918,0.7070903037334713,0.0005819738744684108,-0.026305813074926382,1.176024233269915,0.75,-0.998169924620182,-0.9961290537830253,0.1,0.3,0.3,0.1,0.1,0.6,False,False,-0.6426683227515002
-0.1446777719834707,0.32420413150322663,0.0078262717715444,-0.019158102868195533,1.3799776565838446,0.75,-0.9984602035599774,-0.997189510528632,0.2,0.3,0.1,0.2,0.15,0.8,False,False,-0.6429494870048956
-0.3955206610416825,0.5011399539648237,0.006249340457478612,-0.02052123873432931,1.1600936862832838,0.8004920970751803,-0.9983586105940708,-0.9970743266274681,0.1,0.4,0.1,0.1,0.1,0.8,False,False,-0.6437694626105382
-0.15315170275522796,0.27962306985950747,0.011491262639643713,-0.014904543591745013,1.500939718920056,0.75,-0.9980652372617469,-0.9971646840122879,0.3,0.3,0.3,0.1,0.05,0.8,False,False,-0.6453240050243535
-0.1463465657306563,0.0022704905464630792,0.004811123782901052,-0.017746161354580355,1.3611366873708446,0.75,-0.9984126423297682,-0.9967141087770596,0.2,0.2,0.2,0.2,0.15,0.7,False,False,-0.6476716817330072
-0.13850087570482303,0.393903894363303,0.0021668370322727973,-0.030802909956245093,1.1544391474200433,0.75,-0.99692756398432,-0.9937232821083719,0.1,0.4,0.2,0.1,0.05,0.6,False,False,-0.6482218352485938
-0.14685041584676467,0.750002531516289,-0.00019082018919841946,-0.01668476676104854,1.1619533322046625,0.75,-0.9983108143071058,-0.9972654530773297,0.1,0.3,0.1,0.2,0.1,0.6,False,False,-0.6537533067782222
-0.1518167731913655,0.8807063317780398,0.0026685550776660346,-0.022752870630015628,1.178060844124275,0.75,-0.9979709314568022,-0.9966238258395246,0.1,0.2,0.3,0.2,0.15,0.6,False,False,-0.6577156553501725
-0.16158359123070806,0.34570152592381753,0.0028121486329592154,-0.010328792851769571,1.3469240846861348,0.75,-0.9990422330110925,-0.998498385689806,0.2,0.2,0.3,0.2,0.05,0.8,False,False,-0.6623405300118649
-0.16255903756123347,-0.0033990208087966256,0.005316288916622443,-0.017372231033126465,1.4012040866319755,0.75,-0.9984962862752206,-0.9969939455769299,0.2,0.2,0.1,0.2,0.15,0.7,False,False,-0.6631283832745372
-0.17042359422689066,0.1950240958644064,0.009801167333705278,-0.01956256871667682,1.5597293885356556,0.75,-0.9983659585321847,-0.9971956860168664,0.3,0.3,0.2,0.2,0.05,0.8,False,False,-0.6664872209131151
-0.17298403267340623,0.304430075030585,0.0048043431980610805,-0.015898302574419647,1.3545428893202258,0.75,-0.9986659062387452,-0.9976541933540386,0.2,0.2,0.3,0.1,0.05,0.8,False,False,-0.6735781418655008
-0.1784025899345627,0.24261652825813937,0.0035660311189688785,-0.009112076320463059,1.3639631876531437,0.75,-0.9989160510513443,-0.9977607601940318,0.2,0.4,0.2,0.1,0.1,0.7,False,False,-0.6777681831199853
-0.18262571288324464,0.1260674634211786,0.0033651721715859703,-0.017945399177096942,1.3690907642949404,0.75,-0.9984462417688093,-0.9971618815081106,0.2,0.2,0.1,0.2,0.05,0.8,False,False,-0.6857656659481802
-0.19856065391307332,-0.25193483062228844,0.01123548123205295,-0.018708370475478298,1.5602033971499905,0.75,-0.9975692203956991,-0.9957657545318547,0.3,0.4,0.3,0.2,0.15,0.6,False,False,-0.6925614246248011
-0.19393738675329242,0.3336182811304789,0.003325152854337684,-0.011925920246509314,1.3285727527150277,0.75,-0.9988419970846555,-0.9980017703929579,0.2,0.2,0.1,0.2,0.1,0.7,False,False,-0.6947175714266909
-0.18919074767306926,0.16629472440392135,-0.0005500628960940319,-0.015840550429934035,1.1453363287149072,0.75,-0.9989989915198201,-0.9979352301772766,0.1,0.4,0.1,0.2,0.1,0.8,False,False,-0.6961870433203556
-0.2037237837644434,0.14586827244423423,0.002935404764033968,-0.013314069800095946,1.3183447869520313,0.75,-0.9988109702722606,-0.9979558232692499,0.2,0.4,0.3,0.1,0.15,0.8,False,False,-0.705526925967641
-0.20908811089134188,0.3411866522935589,0.002733020509480433,-0.013269032610115,1.3906720856025852,0.75,-0.9987687628271308,-0.9976273429332397,0.2,0.3,0.2,0.2,0.1,0.8,False,False,-0.7111160993240113
-0.20940017860411564,0.6312331787114428,0.006606132841554334,-0.030185873323599996,1.429848632153547,0.75,-0.9968962076391658,-0.9948979737045667,0.2,0.2,0.1,0.2,0.15,0.6,False,False,-0.7135471685236905
-0.2133453541219255,0.795654123585636,0.0029585889548356145,-0.020134401430403844,1.201398562956374,0.75,-0.9980555181048161,-0.9968852090524597,0.1,0.2,0.3,0.2,0.1,0.7,False,False,-0.7178488079482843
-0.21695411529111314,0.42543297534080643,0.0025985147345198223,-0.011017234345056361,1.384548835740225,0.75,-0.9988395017799749,-0.9976944107332476,0.2,0.3,0.2,0.2,0.15,0.7,False,False,-0.7182427913477119
-0.21537882544262313,0.7819419242851187,-0.0006692460161982481,-0.012366187697465704,1.1634597969622116,0.75,-0.9989917477242853,-0.9982773821257482,0.1,0.2,0.1,0.2,0.05,0.6,False,False,-0.7211283957410473
-0.22234631570798727,0.3791529207584058,0.00506723125553431,-0.0125384863033776,1.4127773141470994,0.75,-0.9985207072761594,-0.9973152367482463,0.2,0.2,0.2,0.1,0.1,0.6,False,False,-0.7212810327226972
-0.4722347520316873,0.2200360184171614,0.003016252300552795,-0.021014761652458948,1.3202094611331776,0.8005814548765661,-0.9980604082494742,-0.9968634269548441,0.2,0.2,0.1,0.1,0.05,0.6,False,False,-0.7241138795491772
-0.22863219115417635,-0.12421046207994547,0.007463842625976224,-0.015592704534715993,1.5480382670109971,0.75,-0.9984751310645367,-0.9968199333770692,0.3,0.3,0.2,0.2,0.1,0.7,False,False,-0.7259126618168913
-0.4749577832235292,0.4443333736379309,0.00037688746768533166,-0.023263718420290392,1.1743917006376348,0.8005176056028372,-0.9982734101881664,-0.9968558704147317,0.1,0.3,0.1,0.1,0.15,0.7,False,False,-0.7312229776162368
-0.24149836440751862,0.41771012831770105,0.010263198090367968,-0.015509784862351777,1.393155394060633,0.75,-0.9975277890718142,-0.9962272507698214,0.2,0.4,0.1,0.2,0.05,0.6,False,False,-0.7353864406440178
-0.23824274459568281,0.14352886468566514,0.006606593650299657,-0.012955734055925658,1.5140802839081566,0.75,-0.9985448437631115,-0.9975721323221051,0.3,0.3,0.2,0.2,0.1,0.8,False,False,-0.7354971258376934
-0.2321677343217573,0.42583996970010535,-0.00033183833326882984,-0.0107868022330545,1.3311873642845637,0.75,-0.9993459032565265,-0.9986201951097344,0.2,0.2,0.2,0.2,0.05,0.8,False,False,-0.7368806612149017
-0.23512151597234926,0.41042765765737127,0.002931475635343023,-0.013614373719029913,1.3519498438786206,0.75,-0.999098248869124,-0.9982437144041967,0.2,0.2,0.2,0.1,0.15,0.8,False,False,-0.7370494946975497
-0.24513455595116554,-0.03731135857455701,0.010960831816867002,-0.016474634598749004,1.5748484697431855,0.75,-0.9974753300037621,-0.9956839045110353,0.3,0.4,0.2,0.1,0.05,0.6,False,False,-0.7385714116104247
-0.22274838749794537,0.8491857479244417,-0.0013996922904557034,-0.03717977838478084,1.1927029284181536,0.75,-0.9974659875851148,-0.9957772983148837,0.1,0.2,0.3,0.2,0.15,0.7,False,False,-0.7392999296004046
-0.23466657638356922,0.3542876586496942,0.0002557595767047252,-0.01416603574854192,1.194202705804557,0.75,-0.999068508245103,-0.9981150220719721,0.1,0.2,0.1,0.2,0.1,0.8,False,False,-0.7400260791909403
-0.24130045423550722,0.3766606817041659,0.00578653154591505,-0.01629271834335485,1.4115146109361156,0.75,-0.9979861646293451,-0.9966503090267618,0.2,0.3,0.2,0.1,0.1,0.6,False,False,-0.7408737037177511
-0.4947329030727291,0.33756830907111024,0.003244082093551894,-0.011777362040601326,1.3372686116732548,0.800294204829588,-0.9990188893838496,-0.9979543864190484,0.2,0.2,0.1,0.1,0.15,0.8,False,False,-0.7440799252287673
-0.24929455455474522,-0.03494353319026385,0.004250863494029781,-0.019141774455947672,1.5351434378991093,0.75,-0.9980565550139556,-0.9962044763054971,0.3,0.2,0.1,0.2,0.15,0.6,False,False,-0.7518502281442885
-0.2492883097087624,0.3033176122070191,0.00048481957398817415,-0.014290881137813616,1.177189701918739,0.75,-0.9990152801847084,-0.9980810573481205,0.1,0.3,0.2,0.1,0.15,0.7,False,False,-0.754422878675102
-0.26044313923794576,-0.1560086257583778,0.009090848410915845,-0.01513161791004831,1.5325345041604583,0.75,-0.9976860523333132,-0.9962184146943979,0.3,0.3,0.2,0.1,0.05,0.6,False,False,-0.7555867683088661
-0.25526966818721875,0.22526761458154496,0.003308225283597664,-0.014340426222485351,1.1827226693872208,0.75,-0.9986563072486463,-0.9970056193479488,0.1,0.3,0.1,0.2,0.15,0.8,False,False,-0.7570359683358957
-0.25562363753318795,0.15166408505596526,0.0009616281219343726,-0.008305190648580516,1.3625675648398288,0.75,-0.9991863135805217,-0.9980444764022782,0.2,0.3,0.1,0.2,0.15,0.6,False,False,-0.7577917600462989
-0.2506746617981427,0.2968336715243586,0.0006613143833394093,-0.021136231529341302,1.1875495001928993,0.75,-0.9977901954300239,-0.9957976806018669,0.1,0.3,0.2,0.1,0.1,0.6,False,False,-0.7583355771498719
-0.25729075958978637,0.051586710595796816,0.003366386117718011,-0.0205794044705708,1.3901022775270642,0.75,-0.9981544026692262,-0.9966988703554099,0.2,0.3,0.2,0.1,0.05,0.6,False,False,-0.7614828580367531
-0.26887816591547914,0.0796979105475017,0.010564268411275219,-0.017874693764390256,1.6011902429874005,0.75,-0.9970447001972583,-0.994567991652768,0.3,0.4,0.3,0.1,0.15,0.6,False,False,-0.763350921327705
-0.2653194334378631,0.14386748085298298,0.003198143990332533,-0.016354526067852912,1.4562059050641425,0.75,-0.9984329114946144,-0.997415804741677,0.3,0.3,0.3,0.1,0.1,0.6,False,False,-0.7680234710766052
-0.2762454131057179,-0.28229170685599864,0.00980144873697845,-0.020371066031323836,1.485316700069554,0.75,-0.9971262974525331,-0.9955363526218652,0.2,0.2,0.2,0.2,0.15,0.6,False,False,-0.7726321010338733
-0.2781960009102397,0.39773206673816736,0.0035669121592497113,-0.028773118661518816,1.1975946475026436,0.75,-0.9969286215318909,-0.994208724287699,0.1,0.2,0.2,0.2,0.05,0.6,False,False,-0.7854249537837477
-0.2889991365586842,0.027328432069581538,0.005792733483387827,-0.01894231359269047,1.3829534471836162,0.75,-0.998030320385313,-0.9967365098463897,0.2,0.4,0.1,0.2,0.15,0.7,False,False,-0.789624781815695
-0.2925441542472822,-0.06485106647792545,0.004334133516569062,-0.012492864987165384,1.5541560564247776,0.75,-0.998414381831275,-0.9972482418013542,0.3,0.4,0.3,0.2,0.1,0.6,False,False,-0.7923403400222655
-0.5457291378272677,0.2175301009830476,0.0052607710913781264,-0.026689308047239957,1.1826275925738676,0.8005829968983645,-0.998054883883242,-0.9953957991231166,0.1,0.2,0.1,0.1,0.05,0.8,False,False,-0.7971769512446872
-0.30948394234745097,0.4010109839112574,0.0134134053938711,-0.025911668251633223,1.5745421794120915,0.75,-0.996851571166306,-0.9950923622086982,0.3,0.2,0.2,0.1,0.1,0.6,False,False,-0.803752523175459
-0.30081072870865455,0.057056093916356854,0.012224459518853556,-0.045686392751838494,1.364652034681354,0.75,-0.995887163211925,-0.9928801300927645,0.2,0.2,0.1,0.2,0.05,0.7,False,False,-0.8044159343867656
-0.3037525752889206,0.6111354771466525,0.004000323772256618,-0.014618040733424743,1.2169110027531327,0.75,-0.9988099119903447,-0.9972495225191864,0.1,0.2,0.2,0.2,0.15,0.8,False,False,-0.8047994030555825
-0.562290808992414,-0.0784827622870144,0.006093217814565844,-0.010365880910404067,1.5286359629957231,0.8003264742681762,-0.9989113173476716,-0.9982204221340981,0.3,0.4,0.1,0.1,0.15,0.8,False,False,-0.8074929286382159
-0.32663956739257627,-0.21290116458137098,0.004306817631495717,-0.015581335051100603,1.394531395235211,0.75,-0.998561207225765,-0.997433209790707,0.2,0.2,0.2,0.1,0.1,0.8,False,False,-0.8277039202552217
-0.32620438602129675,-0.08460791795897385,0.003498905396519985,-0.022890759010747167,1.4308362509703445,0.75,-0.9983363029684345,-0.9971540088159271,0.2,0.2,0.3,0.2,0.05,0.7,False,False,-0.8311620031497716
-0.34010264731825396,-0.06964822606496135,0.013197919742968125,-0.029313048887669016,1.5868821128795856,0.75,-0.9973220272571848,-0.9959722332509553,0.3,0.4,0.1,0.2,0.15,0.8,False,False,-0.8359903631817598
-0.3219383762995142,0.7622727501614811,0.0013261987633316687,-0.03935355361921109,1.1712022467522787,0.75,-0.9968304935890505,-0.9937753499635591,0.1,0.3,0.3,0.1,0.15,0.6,False,False,-0.8360883592312006
-0.34209435860895027,-0.13751110141190817,0.0101286458179391,-0.02668362300575157,1.3854382882839684,0.75,-0.9975841369637577,-0.9955847978941937,0.2,0.3,0.1,0.2,0.1,0.8,False,False,-0.8406134328297239
-0.3407890649834627,0.6110031474517447,0.003328547217373215,-0.015371501499923142,1.3930619840564156,0.75,-0.9985942323369748,-0.9978659683443877,0.2,0.3,0.2,0.1,0.15,0.6,False,False,-0.842943408922584
-0.6071742359014503,-0.6846029462488866,0.008175750876670187,-0.010806633829914357,1.6037470889003014,0.8003947952090222,-0.9986833559780132,-0.9979015467909222,0.3,0.4,0.1,0.1,0.1,0.8,False,False,-0.8497120123363006
-0.3436525111775532,0.004102997820178958,0.005260760374382168,-0.03312622733163853,1.3792659510961183,0.75,-0.9969661440460431,-0.9941266491209778,0.2,0.3,0.2,0.1,0.1,0.7,False,False,-0.85059008966095
-0.35942221607265895,0.257009476418124,0.006229729144588332,-0.012056174189803814,1.5316866747227933,0.75,-0.9985536718185734,-0.9973945215379306,0.3,0.4,0.1,0.2,0.1,0.8,False,False,-0.8567690107750745
-0.6096267481102435,-0.15362512919294002,0.004861584956628247,-0.015065639733195302,1.4960595273267099,0.8004037902910984,-0.9986533387901892,-0.99774912464565,0.3,0.2,0.1,0.1,0.15,0.7,False,False,-0.8578001506000756
-0.35381725161949085,0.2331086636820567,0.0056975150584172105,-0.0273124726218046,1.1848834491949272,0.75,-0.996972772308618,-0.9941213916018268,0.1,0.3,0.3,0.2,0.1,0.6,False,False,-0.8579052225981121
-0.6148383078511472,-0.32129846888180275,0.006213149547399188,-0.013256452221034396,1.4073914238024554,0.8005147054136655,-0.9982831497167077,-0.9966091693526946,0.2,0.3,0.1,0.1,0.05,0.6,False,False,-0.8601115822143542
-0.6137256112652423,-0.6070835721005116,0.004221371181361138,-0.013123591340307198,1.3876224957133692,0.8003740653344616,-0.9987525474794873,-0.9981397737884671,0.2,0.2,0.1,0.1,0.05,0.8,False,False,-0.8620390757114236
-0.3542743748593476,-0.10182715861762907,-2.9491997380874267e-07,-0.02197590919785747,1.4203145977006733,0.75,-0.9981982425918302,-0.9965499269610587,0.2,0.2,0.3,0.1,0.1,0.7,False,False,-0.8630650924424592
-0.36336632478340297,-0.19395007818836613,0.0021620725773591858,-0.010009651029577252,1.371969816911116,0.75,-0.9992935173655676,-0.9987411857443473,0.2,0.2,0.1,0.2,0.1,0.8,False,False,-0.8647756981024028
-0.3753515329047198,-0.3320705914902218,0.012638320779439109,-0.02866849983184282,1.583228656677489,0.75,-0.9974627664454556,-0.9953433764936047,0.3,0.4,0.2,0.1,0.15,0.8,False,False,-0.87165294790213
-0.3698371211011715,-0.13176820922615368,0.001379192566820246,-0.011736559675128173,1.5161056415337157,0.75,-0.9991172207447225,-0.9984522592205047,0.3,0.4,0.3,0.1,0.05,0.8,False,False,-0.8728767138910385
-0.3738166936410393,-0.32025319369501404,0.006436180549977863,-0.01711556425212697,1.5080654572244876,0.75,-0.9986475350294997,-0.9977058306040293,0.3,0.4,0.3,0.2,0.05,0.8,False,False,-0.8729395026819167
-0.6281444843109243,-0.09543067036013728,0.005144816484130189,-0.014688044963468346,1.3987149302291175,0.8003820037459876,-0.9987259620887703,-0.9974868216479527,0.2,0.2,0.1,0.1,0.05,0.7,False,False,-0.8759359037854176
-0.38879854508274747,0.22031400906127951,0.015680316471415982,-0.03536881260607397,1.4347861392712373,0.75,-0.9960794810216574,-0.9932407565737358,0.2,0.2,0.2,0.2,0.1,0.6,False,False,-0.884129690359478
-0.38265520091733,0.33578933029922975,0.005349050598219599,-0.024113796406611602,1.5253786481646359,0.75,-0.9976453257081358,-0.9956759392187824,0.3,0.2,0.3,0.1,0.1,0.6,False,False,-0.8858818587621111
-0.389695342796458,0.12768899338535084,0.0030659131547377135,-0.016366407482412478,1.3447688281334087,0.75,-0.9981471877619766,-0.9963154397150924,0.2,0.3,0.2,0.2,0.15,0.6,False,False,-0.8925628100037377
-0.3947671319866013,-0.19343552750294032,0.004984641580552449,-0.01676837922744487,1.3584805012942052,0.75,-0.9985684719420806,-0.9971250549698055,0.2,0.4,0.1,0.2,0.15,0.8,False,False,-0.8954929137809163
-0.41188516183117574,-0.21634650004457187,0.01867776041579904,-0.03373466253212137,1.652894802611501,0.75,-0.9968224268601634,-0.9942912897160587,0.3,0.2,0.3,0.2,0.15,0.8,False,False,-0.9029657143450655
-0.4042671435079228,0.045051006741809396,0.006949602749015327,-0.02029943597986605,1.5566607312251879,0.75,-0.9980087546223225,-0.9963957936108089,0.3,0.2,0.3,0.2,0.15,0.6,False,False,-0.9040473946010509
-0.6572382523864808,-0.025549070201002323,0.006112452280974419,-0.016593898614750194,1.4363447559811175,0.8004663990902557,-0.9984443547113885,-0.9973696501499946,0.2,0.2,0.1,0.1,0.15,0.7,False,False,-0.9042088736439329
-0.6572782182479411,-0.05078406709989313,0.0027628418944202035,-0.010345250988054918,1.3721464328665214,0.8002962186912894,-0.9990121954787359,-0.9980999482992892,0.2,0.4,0.1,0.1,0.15,0.7,False,False,-0.9066198149134117
-0.6743128360426035,-0.212182478973253,0.005169555193230286,-0.014411068930572086,1.3670807970102352,0.8005812516897343,-0.9980610690832884,-0.9966466411074539,0.2,0.2,0.1,0.1,0.1,0.6,False,False,-0.9209675389342846
-0.6765604477962294,0.020818935644104412,0.0006803131279225449,-0.013391370788834036,1.3540754823421253,0.8002745895605538,-0.9990843163188984,-0.997956530646995,0.2,0.4,0.1,0.1,0.05,0.7,False,False,-0.9297276725554872
-0.4308721343776827,-0.3410638771301421,0.005187278753134414,-0.01786972654734868,1.4244513624253556,0.75,-0.9975975274770131,-0.9955627004454773,0.2,0.2,0.3,0.2,0.1,0.6,False,False,-0.9317952904928608
-0.4425998181537565,-0.05022618541118073,0.0031101434760658496,-0.014699618688821414,1.3907890498905695,0.75,-0.9985587220279927,-0.9975998064489917,0.2,0.2,0.3,0.1,0.15,0.6,False,False,-0.944747493458006
-0.6978716274587913,-0.7597006123513251,0.007529502961112149,-0.024591514454937142,1.520012519235651,0.800527641852371,-0.9982399457067543,-0.9965248503137509,0.3,0.3,0.1,0.1,0.15,0.8,False,False,-0.9460346204255765
-0.44500410247316,0.33578178919357904,0.0030770568166326837,-0.013150540015050546,1.3488986091011945,0.75,-0.9985715349762846,-0.9973331466404631,0.2,0.4,0.2,0.2,0.1,0.6,False,False,-0.9465718502992211
-0.44235428118285225,-0.24601725480014117,0.0037440146779240007,-0.026516268995690366,1.3883489447761606,0.75,-0.9979529987598298,-0.9959792619154588,0.2,0.3,0.2,0.1,0.15,0.8,False,False,-0.9484679711676196
-0.45887800322518424,-0.22396346574453907,0.009121364515768528,-0.024017580660218463,1.6166971871159126,0.75,-0.9978556618090544,-0.9964972213290442,0.3,0.3,0.2,0.2,0.05,0.7,False,False,-0.9575393980703494
-0.46886924084164094,-0.45090405573258163,0.009426416871956302,-0.016093834056760792,1.5021398546651201,0.75,-0.9982315777382585,-0.9970543189623174,0.3,0.3,0.2,0.1,0.05,0.8,False,False,-0.9639950742179977
-0.4679157220288624,0.23497603698403235,0.004078514317759533,-0.013673670031325906,1.382234189346531,0.75,-0.9985453437201408,-0.9969990760660029,0.2,0.4,0.2,0.1,0.15,0.7,False,False,-0.9684909728600812
-0.4774913384310248,0.0010054200142069962,0.006894698566040435,-0.0052106068432015455,1.5959347992802198,0.75,-0.9988535716749009,-0.9979993073236378,0.3,0.3,0.1,0.2,0.05,0.6,False,False,-0.9713019428890569
-0.7343654543496763,-0.3376473302610362,0.009867053668729345,-0.013759299538426209,1.6153225372842355,0.8005580163866312,-0.9981386637511603,-0.997098924918274,0.3,0.2,0.1,0.1,0.1,0.6,False,False,-0.9752386278294157
-0.4801373617710632,-0.08919881500103775,0.00615992595180524,-0.014860913248076466,1.4669702353102223,0.75,-0.9980822126668559,-0.9958385609337471,0.2,0.2,0.2,0.2,0.05,0.6,False,False,-0.9786898159281274
-0.4777278064265658,0.02376956508588829,0.0018890117342434338,-0.01699506913993081,1.3841149822408652,0.75,-0.9988033545751022,-0.9977284530782429,0.2,0.2,0.2,0.2,0.15,0.8,False,False,-0.982259020001446
-0.49579604032993485,-0.20830320872990907,0.01723409732052685,-0.022204322331319602,1.5805613044727798,0.75,-0.9973291454483756,-0.9959380685426529,0.3,0.2,0.1,0.2,0.1,0.8,False,False,-0.9839968524778304
-0.47721208196586173,-0.061037374180456176,0.001203712627010279,-0.02199632090695452,1.1882346726119144,0.75,-0.9981325069382889,-0.9959144185795973,0.1,0.2,0.3,0.2,0.05,0.6,False,False,-0.9845661551762313
-0.4841715458734894,0.33588667750032664,0.002301127357566913,-0.009339310988916777,1.31532721666345,0.75,-0.9992361096252917,-0.9985292181963207,0.2,0.3,0.3,0.2,0.15,0.8,False,False,-0.9851459174399757
-0.511877981645864,-0.1817848835554274,0.0186067986317306,-0.019227265486256546,1.596743350387667,0.75,-0.9972742171090437,-0.9951536246261503,0.3,0.4,0.3,0.1,0.1,0.7,False,False,-0.9972407294822898
-0.49241984521716703,0.013056468050039082,0.0006836723495417076,-0.02075734043284907,1.1749987201835306,0.75,-0.9987689792746243,-0.9975218358999097,0.1,0.2,0.3,0.1,0.15,0.8,False,False,-0.9999023745708566
-0.5046438767845044,-0.03657078218257967,0.004837845066035572,-0.013565126253565485,1.4072464913131209,0.75,-0.9982059726537673,-0.9962405712944765,0.2,0.4,0.3,0.1,0.05,0.6,False,False,-1.0042645132066879
-0.5032125057230608,0.2660622686496257,0.0026040203808284507,-0.013724057839527418,1.3585417677983063,0.75,-0.9987650867876646,-0.9980168766531425,0.2,0.4,0.2,0.1,0.1,0.8,False,False,-1.0055773044018776
-0.5097664601558146,-0.2318641547320696,0.003532178507502498,-0.017508150108686758,1.3668770033405393,0.75,-0.9985971700354309,-0.9973087639548599,0.2,0.4,0.2,0.2,0.05,0.8,False,False,-1.0125311059902864
-0.5142296492823646,-0.12330441676091093,0.005295405041014525,-0.02174239674553555,1.382901150718086,0.75,-0.9984484609801798,-0.9972331570551634,0.2,0.3,0.2,0.1,0.1,0.8,False,False,-1.0165721219313615
-0.5190850302004126,-0.03404872773134829,0.0063964735427077535,-0.01797310746726618,1.380777554051422,0.75,-0.9980518122904716,-0.9961955247238251,0.2,0.4,0.2,0.2,0.15,0.7,False,False,-1.0185985049360697
-0.5179656538457319,0.40064001142516403,0.001973734057788271,-0.012342573856151574,1.3637353391364773,0.75,-0.9988247534648365,-0.9978634385686143,0.2,0.4,0.3,0.2,0.15,0.6,False,False,-1.0205342025188466
-0.5221491693448647,-0.24251137561385644,0.0038497182250057486,-0.01922017482457432,1.3584020169597462,0.75,-0.9979774274579815,-0.9960390451015767,0.2,0.2,0.3,0.2,0.05,0.6,False,False,-1.0252175774046874
-0.5280987760309435,-0.7363723136017075,0.0060660037991674045,-0.014987721316014255,1.494009382958381,0.75,-0.998528619267764,-0.9974766093377757,0.3,0.2,0.2,0.2,0.1,0.8,False,False,-1.0268146599983483
-0.5309224595356472,0.03263247310068545,0.0024388872467849426,-0.028074254629167787,1.1836190103409217,0.75,-0.9982616314153959,-0.9964875759643318,0.1,0.2,0.2,0.2,0.05,0.8,False,False,-1.0392254966911725
-0.5379414845709292,-0.10651612855733539,0.0033406791239327543,-0.01708329243291558,1.385059398671011,0.75,-0.9982744587859126,-0.9970398720378413,0.2,0.4,0.1,0.2,0.15,0.6,False,False,-1.040765986595376
-0.8025782131233153,-0.5919689308256593,0.012548905247129576,-0.02143766945207744,1.587650366105492,0.8008115237101328,-0.9972921637958229,-0.9955507066184208,0.3,0.3,0.1,0.1,0.1,0.6,False,False,-1.042036976056927
-0.5468567530194599,-0.2327215292004866,0.013525990222649702,-0.03544771252431281,1.5697071085603909,0.75,-0.9960665858776037,-0.9929685623077462,0.3,0.3,0.2,0.1,0.15,0.6,False,False,-1.0448046497620054
-0.5566267504806058,-0.21877143721965056,0.006129698634422004,-0.023721166918651004,1.5734632930596157,0.75,-0.9980909243493438,-0.9964832678172036,0.3,0.2,0.3,0.1,0.15,0.8,False,False,-1.0587595788867599
-0.5532722223486984,0.0451982992388583,0.0007121123407995432,-0.025061649209849244,1.3295852946907305,0.75,-0.9976863153274793,-0.9955309280561719,0.2,0.3,0.3,0.2,0.1,0.6,False,False,-1.0624423472236786
-0.5711610876797013,-0.26636883625492996,0.010711145321859903,-0.013983867302502196,1.6757629487918644,0.75,-0.9980038582610657,-0.9963318697381295,0.3,0.3,0.3,0.1,0.05,0.6,False,False,-1.0639012602144704
-0.5596503941471533,0.004741196320419741,0.0031991184941656714,-0.020843603437950855,1.3713123252635864,0.75,-0.9984008432276793,-0.9970963080877365,0.2,0.4,0.2,0.2,0.15,0.8,False,False,-1.0641488933293348
-0.8301014875074764,-0.9475157528014975,0.008391260776717627,-0.0168884656769569,1.537604008756136,0.8006280969267078,-0.997904607729576,-0.9963279424910719,0.3,0.4,0.1,0.1,0.15,0.7,False,False,-1.0736468762126592
-0.5709891188792441,-0.23347223993473556,0.003549608852246498,-0.020377402710168524,1.3735894540827416,0.75,-0.997954839882189,-0.9936495457107848,0.2,0.4,0.3,0.2,0.05,0.7,False,False,-1.0748805493406157
-0.8277503020166946,-0.41107229111592436,0.004178622968994671,-0.013164882660095502,1.4911620072226592,0.8003489887009906,-0.998836114853612,-0.997793951272175,0.3,0.4,0.1,0.1,0.1,0.7,False,False,-1.0762569640129864
-0.5758158069441977,-0.49534945232424504,0.0037184884053866937,-0.013534201379059203,1.3975560989427294,0.75,-0.998302967295162,-0.9969924280142961,0.2,0.3,0.3,0.1,0.1,0.6,False,False,-1.0767673014093573
-0.5814703472984738,-0.10349782127307232,0.004282692103221875,-0.014565701988438547,1.5669107537427898,0.75,-0.9986141101675895,-0.9968219514425687,0.3,0.2,0.3,0.2,0.1,0.7,False,False,-1.082157397569983
-0.8462098266389375,-0.44499816667252345,0.003942533220878403,-0.012473624712232512,1.5329158133998781,0.800340138065654,-0.9988656402041132,-0.9975647311157966,0.3,0.2,0.1,0.1,0.1,0.8,False,False,-1.0947675463305067
-0.6107035095925581,-0.386169156036747,0.0031401682317410296,-0.009886147977700988,1.490688659984315,0.75,-0.9985737301974795,-0.9976423946807315,0.3,0.2,0.3,0.1,0.15,0.6,False,False,-1.1108897669055493
-0.6218055496394113,-0.2948234166742855,0.005713118027676251,-0.021344849223147166,1.501303183703391,0.75,-0.9975098747694271,-0.9954869691273189,0.3,0.2,0.1,0.2,0.1,0.6,False,False,-1.1234877476954588
-0.6234694423424678,-0.4011644686472502,0.0032296311934334114,-0.020628738480979025,1.42931434547353,0.75,-0.9983320341814499,-0.9961584633194263,0.2,0.2,0.3,0.1,0.1,0.8,False,False,-1.1278453803027393
-0.6363546285605479,-0.3405721979667965,0.00831665026792931,-0.021881068718483027,1.5423267196666128,0.75,-0.9972306369197773,-0.9949516184920775,0.3,0.3,0.3,0.2,0.15,0.6,False,False,-1.135127075726426
-0.6444124100724746,-0.3469924044480851,0.011667613234065418,-0.013667058235131724,1.6576074492399868,0.75,-0.9975701373430371,-0.9957992007725963,0.3,0.3,0.3,0.1,0.15,0.6,False,False,-1.1358780974856488
-0.6452416287987115,-0.13671544491051113,0.0037611728102837335,-0.01371895223986336,1.562272621417295,0.75,-0.9987445463165644,-0.9971798762324208,0.3,0.4,0.1,0.2,0.15,0.7,False,False,-1.1462158023223163
-0.6456449479662133,-0.5248065404143729,0.0019564135315132598,-0.020239712392839976,1.3475252488910245,0.75,-0.9982066082489762,-0.9964766310663945,0.2,0.4,0.1,0.2,0.05,0.7,False,False,-1.1513931366855332
-0.9034021715755591,-0.5612259212393126,0.004852434910597836,-0.017692469382036342,1.3745889696560523,0.8006518265156233,-0.9978254893024692,-0.9963078465707125,0.2,0.3,0.1,0.1,0.1,0.6,False,False,-1.15139710485754
-0.9098606257065236,-0.29365060712489127,0.011500208665324248,-0.03012611733909202,1.4079275137183944,0.800957250499747,-0.9968053486422567,-0.9949409469807955,0.2,0.2,0.1,0.1,0.15,0.6,False,False,-1.1533245697450365
-0.6505947092274555,0.11429313762867928,0.0034132939391251856,-0.018801138984296646,1.204557513511582,0.75,-0.9982923591297406,-0.9963489602670476,0.1,0.2,0.2,0.2,0.05,0.7,False,False,-1.1540192120942239
-0.659119946874249,-0.13205444348632034,0.00634604158763237,-0.01791706842879644,1.6409689643221967,0.75,-0.9986263223319625,-0.9976903911177184,0.3,0.3,0.1,0.2,0.15,0.7,False,False,-1.1586715243406087
-0.6636997216862895,-0.19117875522374425,0.004561033793710167,-0.021341594584776406,1.493047069623083,0.75,-0.9981103945742236,-0.9967634473323089,0.2,0.2,0.2,0.2,0.05,0.7,False,False,-1.1667631189677479
-0.9170012686073408,-0.8152125576317458,0.0028425663960611205,-0.014893721011163439,1.532079843868124,0.8003639610295737,-0.9987862102153455,-0.9978911118354515,0.3,0.3,0.1,0.1,0.05,0.7,False,False,-1.1677278721886641
-0.6747710747297662,-0.05823434298047169,0.006339334878874574,-0.020377835489383486,1.4818325911516468,0.75,-0.9977992428612406,-0.9949293467964347,0.3,0.2,0.3,0.1,0.05,0.6,False,False,-1.17531500707087
-0.6875582679592518,0.02942439077933788,0.006005767584060803,-0.01645162487870068,1.5761579593174873,0.75,-0.99818683783591,-0.9965334952217134,0.3,0.3,0.1,0.2,0.1,0.7,False,False,-1.186931996809859
-0.9473505959250342,-0.49812361121699744,0.008868785886417752,-0.01696791222628178,1.6005099275981647,0.8005978398596227,-0.9980056026836008,-0.9964311394336969,0.3,0.3,0.1,0.1,0.15,0.6,False,False,-1.190506018453732
-0.687166305880248,-0.3500076174098021,0.0036732773187621187,-0.023830251390726705,1.5122552557426445,0.75,-0.9978466189715314,-0.9956469849026399,0.3,0.4,0.2,0.1,0.1,0.6,False,False,-1.1922904736540243
-0.691806952355865,-0.22027198484453767,0.00048610460478635555,-0.01648499397295035,1.3815978174796388,0.75,-0.9988372100880222,-0.9980037098397023,0.2,0.3,0.2,0.1,0.05,0.7,False,False,-1.1978176244193015
-0.9616218617560004,-0.8564233038106619,0.003379026944536587,-0.004262726145858112,1.5714799806194601,0.8001660321291437,-0.9994464203038624,-0.9987083977251048,0.3,0.3,0.1,0.1,0.15,0.7,False,False,-1.2084419592351812
-0.705966623250041,-0.44898100508419986,0.004717203984357934,-0.021130737510753984,1.570212025916443,0.75,-0.9983310793828483,-0.9961423214576145,0.3,0.3,0.1,0.2,0.05,0.7,False,False,-1.208758273473113
-0.7134006019852,-0.24810681612168153,0.0024889471197644592,-0.017063574368425358,1.3592297235201687,0.75,-0.9983754680613771,-0.9967185557383764,0.2,0.3,0.2,0.2,0.1,0.6,False,False,-1.2172392951888527
-0.7236094503370369,-0.29713164335645587,0.006304467602891323,-0.018084838803242825,1.606476496101656,0.75,-0.9981591282134703,-0.9957760589099237,0.3,0.2,0.2,0.2,0.05,0.7,False,False,-1.2232780247348645
-0.9843388768838659,-0.43028282526614714,0.005713931597333038,-0.014419988867178084,1.4420512194020945,0.8004418222898916,-0.9985263115606731,-0.9971675296833711,0.2,0.3,0.1,0.1,0.05,0.7,False,False,-1.2310410430644796
-0.7295786594360352,0.4773095987817836,-0.0007196142043789427,-0.014822332297025422,1.1727569170216081,0.75,-0.999127229610101,-0.998292534283412,0.1,0.3,0.2,0.2,0.05,0.8,False,False,-1.2363711294001
-0.7408973739780645,-0.4677548536071583,0.006067533819702795,-0.02168852062240454,1.384613794073078,0.75,-0.9981901998906205,-0.9968536127215695,0.2,0.4,0.1,0.2,0.05,0.8,False,False,-1.242291741643383
-0.7551579889769775,-0.6279613567611444,0.004836602872004885,-0.009359399784557907,1.6879226582819582,0.75,-0.9989917984881087,-0.9982590914302674,0.3,0.2,0.2,0.2,0.15,0.7,False,False,-1.2530978254443947
-0.7640846060901338,-0.4857382027087563,0.005709223578039017,-0.015602824017809267,1.574142368471493,0.75,-0.9985904016248676,-0.9972936596211089,0.3,0.3,0.3,0.2,0.1,0.8,False,False,-1.2634746674036108
-0.7666348449484243,-0.1748968810126954,0.005605034183270166,-0.009604501728074949,1.6671994150117055,0.75,-0.9989375937644149,-0.9982466873534896,0.3,0.2,0.3,0.2,0.05,0.7,False,False,-1.26375060461973
-0.7664298647078623,-0.5780963346117269,0.006964821227178232,-0.018352489166367898,1.5878544903482215,0.75,-0.9976321426870258,-0.9952813053303067,0.3,0.3,0.3,0.1,0.15,0.7,False,False,-1.2654130749017956
-0.7625738451360702,-0.46053322333112134,0.0025470226418972215,-0.021290903584720463,1.3705508746989343,0.75,-0.9986903518836835,-0.9974809433193951,0.2,0.3,0.2,0.2,0.05,0.8,False,False,-1.2680337793996816
-1.029621025229671,-0.6082445519713978,0.005541329023764841,-0.01988513334396115,1.4391735784019715,0.8005660084727277,-0.9981116781602307,-0.9957185997445808,0.2,0.2,0.1,0.1,0.1,0.7,False,False,-1.2780954413750987
-1.0310917102834813,-0.5166128819338642,0.006774438966242171,-0.020889881693237317,1.583287990997193,0.8005113740239256,-0.9982943153195901,-0.9971986439284933,0.3,0.4,0.1,0.1,0.05,0.7,False,False,-1.2787614660816577
-1.0542396753556498,-0.7213232148596553,0.015378461454828102,-0.008464270782977651,1.7313312825560296,0.8004636856868557,-0.9984534727038484,-0.9974419566680188,0.3,0.3,0.1,0.1,0.05,0.8,False,False,-1.2868528014887688
-0.7892197967798649,0.11046648805183344,0.007285645870630057,-0.016220646404878504,1.454211072517656,0.75,-0.9984110018715839,-0.9969887315374937,0.2,0.3,0.3,0.1,0.05,0.7,False,False,-1.2869652802970601
-0.7926470173474529,-0.2661640865943993,0.009662048802508844,-0.016283619077775965,1.6033532085401245,0.75,-0.9983050887687436,-0.9970310835194457,0.3,0.4,0.2,0.2,0.05,0.7,False,False,-1.2875660064155527
-0.7886607158542261,-0.35919890075365607,0.006478110085487694,-0.018610209122589927,1.5879077435959443,0.75,-0.9979574842534414,-0.9959423347233446,0.3,0.3,0.2,0.1,0.1,0.6,False,False,-1.288331067400677
-0.784986268512336,0.13619065949731593,-0.0006024886375062533,-0.019177679240368194,1.1574511330906623,0.75,-0.9988782118026868,-0.9973256422234067,0.1,0.4,0.3,0.2,0.05,0.6,False,False,-1.2933803265734907
-0.8034656785527486,-0.4936069560335433,0.003536601885811593,-0.010579857883480183,1.6146720605739855,0.75,-0.9988532710450276,-0.997619104386644,0.3,0.3,0.3,0.1,0.1,0.8,False,False,-1.3034536994431667
-0.7986797363882769,-0.34468118243723206,0.003985683676123544,-0.03288576197823455,1.5628765086848242,0.75,-0.9973729820883779,-0.994917053440814,0.3,0.4,0.3,0.2,0.05,0.7,False,False,-1.3070512207682226
-0.8238090325534442,-0.0536022306982127,0.01109367256868421,-0.022160461059426054,1.6058298816488017,0.75,-0.9968911201932703,-0.9932219663976297,0.3,0.4,0.1,0.2,0.1,0.6,False,False,-1.3193608098947935
-0.8244653646517013,-0.08186146600050846,0.002875077919915867,-0.017214025461974657,1.3903143162462734,0.75,-0.9987677628204376,-0.9977602306151319,0.2,0.4,0.3,0.2,0.15,0.8,False,False,-1.327900881332592
-0.8263024689524298,-0.33125251188679156,0.0023644197683642823,-0.014250573948575979,1.5443205756009835,0.75,-0.998729743875923,-0.9972199854150083,0.3,0.2,0.2,0.2,0.1,0.6,False,False,-1.329165394809823
-1.0862342573919577,-0.878321248270582,0.005925413750061444,-0.011847081515907272,1.5523358347109517,0.8005101699299405,-0.9982982567862497,-0.9969449244820839,0.3,0.3,0.1,0.1,0.05,0.6,False,False,-1.3313117438485444
-0.8388884712789255,0.4187309152468726,0.004342252517976624,-0.019075657793068627,1.3629786110746178,0.75,-0.9975418372715578,-0.9954377619144149,0.2,0.4,0.3,0.2,0.05,0.6,False,False,-1.341308031374581
-0.8507496230595197,-0.2636098931543058,0.007992031401677296,-0.013150188654156547,1.6272481794040927,0.75,-0.9986557613751719,-0.9970601268627086,0.3,0.2,0.2,0.1,0.1,0.8,False,False,-1.3464192608391696
-0.8592446739243695,-0.6272107257279466,0.004706633435484786,-0.013364899917398067,1.558337473035134,0.75,-0.9984079838940321,-0.9969094251569536,0.3,0.4,0.2,0.2,0.05,0.6,False,False,-1.358942673768747
-0.8661425505466565,-0.46846749741286514,0.008104100408875714,-0.012994575345951718,1.6063884287713803,0.75,-0.9985779264591893,-0.997257334039329,0.3,0.2,0.2,0.1,0.15,0.7,False,False,-1.3616154601943862
-0.8841751340118961,-0.2169812630882866,0.008567730333200973,-0.014566434058885493,1.6371928340907516,0.75,-0.9984781984331577,-0.9970287751958615,0.3,0.3,0.3,0.2,0.15,0.8,False,False,-1.379720431235609
-0.8826881052077981,-0.4310103924361981,0.005098806273964711,-0.015106005896556323,1.563396038975933,0.75,-0.9986572255153942,-0.9975554316426921,0.3,0.2,0.2,0.1,0.15,0.8,False,False,-1.382611940037663
-0.8975344489817032,-0.44904377991678474,0.005573867949401513,-0.014965277391744788,1.5690420161649747,0.75,-0.9987819324103986,-0.9976307440605077,0.3,0.2,0.1,0.2,0.15,0.8,False,False,-1.3968319183991191
-0.91533610038326,-0.7384541333373928,0.01568746106507253,-0.013664726611194817,1.7004984643238918,0.75,-0.9976136660675826,-0.9961774474866758,0.3,0.2,0.1,0.2,0.1,0.7,False,False,-1.4019770377496508
-0.9059173452916428,-0.21324968950959827,0.007056178762165317,-0.016565715383932266,1.5780146780874575,0.75,-0.998089120349856,-0.9960584811861078,0.3,0.4,0.1,0.2,0.05,0.7,False,False,-1.4040762169306173
-0.9039162440225016,-0.4106307126493515,0.005380915101959904,-0.017206954377347976,1.3734257858343861,0.75,-0.9978833339220079,-0.9958493603166564,0.2,0.4,0.3,0.2,0.1,0.6,False,False,-1.404341927651089
-0.9073506367501902,-0.49670298230325993,0.010562306603472496,-0.030387614160936872,1.608517512567806,0.75,-0.9966132935485272,-0.9943045053209779,0.3,0.3,0.3,0.2,0.05,0.6,False,False,-1.4068309144903979
-0.9159877665573378,-0.8141542360473337,0.005801783047536762,-0.02068987870637967,1.5553293671569683,0.75,-0.9984039714123507,-0.9973188584277755,0.3,0.4,0.2,0.2,0.1,0.8,False,False,-1.4173015783828458
-0.9294551862517559,-0.612891400991952,0.0021585610663624284,-0.0156731955259206,1.38120888861648,0.75,-0.9983466441366408,-0.9971651072892077,0.2,0.4,0.2,0.1,0.05,0.7,False,False,-1.4331341911824893
-0.9354306533290951,-0.40636865679805456,0.005146676687933632,-0.018756960862722254,1.5803852118998754,0.75,-0.9982583849440988,-0.9951413464085668,0.3,0.3,0.3,0.1,0.05,0.7,False,False,-1.4367574256486637
-1.1951451523017866,-0.779197425345537,0.006736640875853978,-0.009659651866016257,1.6233251311396442,0.8004269922976257,-0.9985756884552788,-0.9967433562687061,0.3,0.4,0.1,0.1,0.1,0.6,False,False,-1.4387900825090398
-0.9625858615342415,-0.6736137657014022,0.004847840928920854,-0.017109981503804987,1.5798579092702514,0.75,-0.9986945849243322,-0.9976578913267966,0.3,0.3,0.3,0.1,0.15,0.8,False,False,-1.4636124450210586
-0.9689657980250979,-0.41961494171980407,0.004851203237485814,-0.016143795137879006,1.422421136993534,0.75,-0.9983216631751208,-0.9966676764101434,0.2,0.3,0.3,0.1,0.15,0.7,False,False,-1.4696018721952666
-0.983685411577715,-0.7418380009248544,0.013495008628802312,-0.019493418089003026,1.6724943491591968,0.75,-0.9970823612095127,-0.9954781964544359,0.3,0.3,0.2,0.2,0.05,0.6,False,False,-1.4752887684587535
-0.9839242268409352,-0.6211874895607747,0.005621653066460516,-0.016649650133849715,1.6708500546339142,0.75,-0.9979661423009419,-0.9962972985186507,0.3,0.2,0.2,0.1,0.15,0.6,False,False,-1.4838381032147225
-0.988362131702725,-0.8197599741721878,0.0033658198890217476,-0.018396977593783996,1.5413632836149702,0.75,-0.9980997021450618,-0.9958369548348814,0.3,0.4,0.2,0.1,0.15,0.7,False,False,-1.4916819388734126
-1.0050608101841707,-0.6890236735943076,0.0028194737025398313,-0.011293836961157804,1.4129829058424206,0.75,-0.9990806334231173,-0.9983248860696582,0.2,0.3,0.1,0.2,0.05,0.8,False,False,-1.506194976525586
-1.2853247147666673,-0.44851647542501827,0.009865250215014104,-0.01697078828252564,1.5876116529002575,0.8006018161279714,-0.9979924024524753,-0.9965337583643059,0.3,0.3,0.1,0.1,0.1,0.7,False,False,-1.5272656491818035
-1.0289686692568516,-0.04344518023087058,0.0026643595680568696,-0.0138381437348635,1.3726117241635816,0.75,-0.9984709129978913,-0.9973010238968757,0.2,0.2,0.3,0.1,0.05,0.6,False,False,-1.5313066952691288
-1.036744882495922,-0.29794607262985917,0.001479283050998785,-0.019532293625957292,1.3736449666474675,0.75,-0.998002756519193,-0.9967545093434415,0.2,0.4,0.1,0.2,0.1,0.6,False,False,-1.5427826602851065
-1.0608438117555603,-0.6561806394691627,0.014305383203455141,-0.02218876437252722,1.6208363241167356,0.75,-0.9968524486502871,-0.9951001508696475,0.3,0.2,0.2,0.1,0.05,0.6,False,False,-1.552552857660425
-1.31422121118556,-0.3805489315756899,0.0023253857816022128,-0.01170233784011061,1.4123592980926638,0.8002595563751684,-0.9991345174887336,-0.9984981452141762,0.2,0.3,0.1,0.1,0.05,0.8,False,False,-1.5648139015078393
-1.0750063974004782,-0.8259165232424928,0.0018173731129885137,-0.01729222985433606,1.5312237385490088,0.75,-0.9986118980188489,-0.9965615389231891,0.3,0.4,0.2,0.1,0.05,0.7,False,False,-1.5797424416066264
-1.0902590379018613,-0.038746558528786695,0.008928531931925056,-0.02646093091655762,1.3973071187553694,0.75,-0.9978788044569867,-0.9968494002132402,0.2,0.2,0.3,0.2,0.1,0.8,False,False,-1.5901291719501742
-1.1044676511660756,-0.6646913450825237,0.0064446821572951675,-0.01395115875535263,1.5885461265928604,0.75,-0.9982191384322147,-0.9967897231607054,0.3,0.2,0.1,0.2,0.05,0.6,False,False,-1.6023144960794624
-1.3919377449308865,-0.6564030459020168,0.004585500645888775,-0.0189905039546812,1.4277856862561398,0.8004918520618517,-0.9983594627179694,-0.9973605394670642,0.2,0.3,0.1,0.1,0.15,0.8,False,False,-1.6415720854284341
-1.141804840952441,-0.8868966125919749,0.0031773888330036823,-0.017246351136838763,1.5868282160423497,0.75,-0.9979192215174638,-0.9952939595473338,0.3,0.3,0.2,0.2,0.15,0.6,False,False,-1.644890514807572
-1.4038409482701846,-0.8945228744065781,0.007491241830590068,-0.010380879325297911,1.6401334742008375,0.8003417606677364,-0.9988602933093174,-0.9980598462337972,0.3,0.2,0.1,0.1,0.05,0.8,False,False,-1.6472950064649137
-1.1531874385240257,-0.8919904685651125,0.010073511838395516,-0.02056012182434183,1.6927899264044253,0.75,-0.9978648701289448,-0.9963185097566313,0.3,0.2,0.1,0.2,0.05,0.8,False,False,-1.6493232730476879
-1.1512989481739535,-0.12370863576927453,-0.0011134273277429172,-0.017647717643136187,1.1924948309607004,0.75,-0.9990131132750678,-0.9974505281499273,0.1,0.2,0.1,0.2,0.05,0.8,False,False,-1.6596941480244995
-1.1788262565723482,-0.797346625333659,0.008005030570765114,-0.02027144092045477,1.5490906236037019,0.75,-0.9985213432750708,-0.9974878495723227,0.3,0.3,0.2,0.1,0.15,0.8,False,False,-1.6773287962556118
-1.1862424830447476,-0.6637362572245878,0.00972069835942804,-0.0230541062200234,1.65053392368848,0.75,-0.9979511116060719,-0.9964052196958598,0.3,0.4,0.1,0.2,0.05,0.8,False,False,-1.6837992875014434
-1.1950045466946304,-0.8627885533518947,0.008657087112838802,-0.021099824389863894,1.7100587572516242,0.75,-0.9981266885997019,-0.9968819416675001,0.3,0.2,0.2,0.1,0.05,0.8,False,False,-1.6930559719151694
-1.4670125241859135,-0.8590263761063895,0.005765192335277478,-0.012837913126203774,1.6041276981940447,0.8004807425796132,-0.9983962712223199,-0.9960367863109337,0.3,0.2,0.1,0.1,0.15,0.6,False,False,-1.7128257457359959
-1.2275036230225376,-0.4350223229284368,0.01922364186700392,-0.024609008702498467,1.709002834560629,0.75,-0.9967727151259399,-0.9947263540974726,0.3,0.3,0.1,0.2,0.15,0.6,False,False,-1.7142788562631324
-1.2259602477619187,-0.5589085694978434,0.0078086346947063255,-0.023142787236215004,1.6179888771299948,0.75,-0.9974705150489135,-0.9952849607353587,0.3,0.2,0.3,0.2,0.05,0.6,False,False,-1.7258470010227571
-1.2345417035162782,-0.5275561753488274,0.00731706346138705,-0.01515159852755337,1.6610150980704752,0.75,-0.9976196191500956,-0.9951385189937698,0.3,0.4,0.1,0.2,0.05,0.6,False,False,-1.7318218667736351
-1.244499929805014,-0.4327187229479108,0.007649085515837329,-0.014751927341611279,1.6082274942352002,0.75,-0.9982569134591439,-0.997269085876589,0.3,0.4,0.3,0.1,0.15,0.8,False,False,-1.7412217981226537
-1.243814991005115,-0.285359060946596,0.0016322045090021832,-0.02013317872455081,1.3893826576216137,0.75,-0.9984658373529579,-0.9961763753151266,0.2,0.4,0.3,0.1,0.15,0.7,False,False,-1.7499096170841326
-1.2746066256115554,-0.5470997950795421,0.009691651617296418,-0.008985719109334262,1.6869930944067113,0.75,-0.998811287351644,-0.9979924572308257,0.3,0.3,0.2,0.2,0.15,0.8,False,False,-1.7665709313145332
-1.2807327557258574,-0.9402166199062556,0.018199415431433847,-0.023331731249778304,1.7280798808731908,0.75,-0.9965864036310489,-0.9938188912834596,0.3,0.2,0.3,0.2,0.1,0.6,False,False,-1.768226149708048
-1.276897184603639,-0.4455889776018223,0.004786683890486923,-0.01782020246400817,1.6227995543930291,0.75,-0.9984986863664053,-0.9972180541150856,0.3,0.4,0.3,0.1,0.15,0.7,False,False,-1.778281244920658
-1.302165605031003,-0.7099790850325199,0.0022976762967652515,-0.014618530121491847,1.5789108859375511,0.75,-0.998828591840854,-0.9976503853574875,0.3,0.4,0.2,0.2,0.1,0.7,False,False,-1.8052558055234815
-1.3201606159880446,-0.8506695097690968,0.007555602486899172,-0.019176578270284822,1.4662045036568012,0.75,-0.9976122736488732,-0.9955076432748149,0.2,0.3,0.3,0.1,0.05,0.6,False,False,-1.8187645243118795
-1.3517988539906622,-0.7471965152023959,0.0052322701232265,-0.0073196646592447725,1.5965645248980271,0.75,-0.9990160818369834,-0.9982469321886053,0.3,0.4,0.2,0.2,0.05,0.8,False,False,-1.8484479957064883
-1.3648430956411888,-0.03713486989956819,0.006181331498104077,-0.02141066268368376,1.6545850482534108,0.75,-0.9977796125635141,-0.9958895048701323,0.3,0.3,0.2,0.1,0.05,0.7,False,False,-1.8659897629169373
-1.3738054042794419,-0.9274645442153768,0.0028585900115525916,-0.009633083399550709,1.5806858066334966,0.75,-0.9988996689445462,-0.9971594030684554,0.3,0.3,0.3,0.2,0.1,0.6,False,False,-1.874228329625399
-1.3925743834714444,-0.6933365300499885,0.018438104914638133,-0.026967545418611426,1.7362344396710225,0.75,-0.9967754289184723,-0.9949833312128583,0.3,0.2,0.3,0.2,0.1,0.8,False,False,-1.881235675741323
-1.386567202393502,-0.9501724650897896,0.005281215881255552,-0.012675196187765433,1.6428404719731005,0.75,-0.998197246244313,-0.9967520867339432,0.3,0.4,0.1,0.2,0.15,0.6,False,False,-1.8852998218111015
-1.3856105851750957,-1.1613226063722444,0.00465658522153475,-0.017717169104539077,1.5169730633059089,0.75,-0.9980256042632868,-0.9960318991094613,0.3,0.3,0.2,0.2,0.1,0.6,False,False,-1.8871095505510698
-1.4009436734748417,-0.8023935311304835,0.009011885572948289,-0.009670943068713056,1.6334997889589975,0.75,-0.9984604314133877,-0.9974528145880563,0.3,0.4,0.2,0.1,0.1,0.7,False,False,-1.893997788014789
-1.4456181179969572,-0.9236434602650765,0.005045952437874784,-0.01286033692697182,1.7026922228077193,0.75,-0.9984196886976459,-0.996587320178296,0.3,0.2,0.1,0.2,0.05,0.7,False,False,-1.9447071098422961
-1.4702058059944685,-0.5077684144016379,0.01297825779297299,-0.02130308120587431,1.6350115777394687,0.75,-0.9974478320435438,-0.9951940821612643,0.3,0.3,0.3,0.2,0.05,0.8,False,False,-1.9631531291252506
-1.5127248230027557,-0.7894827154102095,0.005805624302536425,-0.007189013824833147,1.7188121702860448,0.75,-0.9988776411826477,-0.9982510947677252,0.3,0.3,0.1,0.2,0.1,0.6,False,False,-2.0086336793696455
-1.5109746659128962,-0.7199925443165955,0.0031175418753424614,-0.014471656913828948,1.6194620862893603,0.75,-0.9984978110197333,-0.9967469526776832,0.3,0.3,0.1,0.2,0.1,0.8,False,False,-2.013022278428017
-1.5339469959983523,-0.8591859075115496,0.01287984613344391,-0.024385655788890466,1.7290218503799326,0.75,-0.9974916085156854,-0.9958705973971302,0.3,0.2,0.2,0.2,0.1,0.7,False,False,-2.028245442953776
-1.5630314602316584,0.261788655648824,0.004737847681400858,-0.029113076165162205,1.2262669672267634,0.75,-0.996817845653347,-0.9935163608796882,0.1,0.2,0.2,0.2,0.15,0.6,False,False,-2.068991273480042
-1.5844545551221692,-1.0325385010986237,0.008735881473003651,-0.015298463685057924,1.6957836861974325,0.75,-0.9982197069340202,-0.9966680153580189,0.3,0.2,0.3,0.1,0.05,0.8,False,False,-2.0800908828285882
-1.5934971103477154,-0.39303044489533573,0.0061473542000647936,-0.015634777177341644,1.6202041880408293,0.75,-0.998283443717344,-0.9968381779394557,0.3,0.3,0.3,0.2,0.15,0.7,False,False,-2.0923741961785742
-1.6000789899710686,-0.285941180019894,0.0035322416120902654,-0.014633720984905283,1.4784443769427396,0.75,-0.9984261362457858,-0.9965673356393173,0.2,0.3,0.2,0.2,0.05,0.6,False,False,-2.1016937884305222
-1.598065702177593,-0.20440418488418688,0.004554004671867286,-0.022958050315516815,1.4784920694130885,0.75,-0.998465893429596,-0.9971020476176913,0.2,0.2,0.2,0.1,0.15,0.7,False,False,-2.101784116697559
-1.8875812873702165,-0.8855756811542328,0.007450822682511496,-0.009820576793581623,1.698046436089248,0.8004789924776926,-0.9984021367160908,-0.9961891731803163,0.3,0.4,0.1,0.1,0.05,0.6,False,False,-2.1301735684801724
-1.6458264784649532,-0.4112237407741467,0.0019678752458713185,-0.01510914213430366,1.6254983573025117,0.75,-0.9986622801809314,-0.9977452050893985,0.3,0.3,0.3,0.2,0.1,0.7,False,False,-2.149508685023629
-1.660619426042956,-1.0738860519772437,0.006745438572297853,-0.014781437518164502,1.661474308339398,0.75,-0.9983584759802764,-0.9966885492747484,0.3,0.4,0.3,0.2,0.15,0.8,False,False,-2.1584374747634643
-1.6722050892498737,-0.6780616870179939,0.005363586160167337,-0.011250562870697804,1.6172715860789482,0.75,-0.9987717138611092,-0.9972810116712794,0.3,0.4,0.2,0.2,0.15,0.8,False,False,-2.170269011005952
-1.6811404868921593,-0.9053369031968368,0.005551999243435162,-0.014021299682346274,1.7394189682313987,0.75,-0.9984465501871014,-0.996864351758681,0.3,0.2,0.2,0.1,0.1,0.7,False,False,-2.1800866076729757
-1.6832261277503382,-1.1931275852933942,0.004965828439987904,-0.011525466919989515,1.6455682886953307,0.75,-0.9983357795747355,-0.9972778457617499,0.3,0.4,0.3,0.2,0.1,0.7,False,False,-2.1818773203903485
-1.7225979730699708,-0.8377712513321846,0.016360520240805993,-0.019233037600936854,1.7337491920519434,0.75,-0.99740992912674,-0.9951037457519293,0.3,0.2,0.3,0.2,0.15,0.7,False,False,-2.2106585638213785
-1.8271234711590467,-1.2486110024110986,0.0034546972479819766,-0.013337619322229103,1.6341342446779648,0.75,-0.9986920661912954,-0.9974416358491353,0.3,0.2,0.1,0.2,0.15,0.7,False,False,-2.3283128821903603
-1.920831744352484,-0.9861947618929253,0.007720907235064012,-0.013530575827832191,1.6644418425266048,0.75,-0.9984761495923733,-0.9974291989894144,0.3,0.2,0.2,0.1,0.05,0.7,False,False,-2.41697888600154
-2.2093750666984247,-1.5248015756816733,0.013097583876724373,-0.01227351873511142,1.7056365546021794,0.8005010335557181,-0.998328791770892,-0.9970891840579669,0.3,0.3,0.1,0.1,0.1,0.8,False,False,-2.4460622057618098
-2.043478637872553,-1.6078965422340774,0.006506307319999485,-0.017003935634798968,1.6858368141920765,0.75,-0.997919702598843,-0.9955773535456441,0.3,0.4,0.3,0.1,0.05,0.6,False,False,-2.542472643342473
-2.0403793179021403,-0.7415930868592985,0.005052238848976836,-0.021061227211119117,1.478690623191095,0.75,-0.9980539939306141,-0.9961965554654454,0.2,0.3,0.1,0.2,0.1,0.6,False,False,-2.542741122167816
-2.0612642486099686,-1.0570748321875871,0.007537915885880255,-0.01285863314249478,1.692782239814011,0.75,-0.9984969900997145,-0.9966847283521831,0.3,0.2,0.3,0.1,0.05,0.7,False,False,-2.5573622028039105
-2.2945835279490865,-1.1939986969693193,0.004151447516915554,-0.011916802809204092,1.6761437964823318,0.75,-0.9987388669963146,-0.9971852275321709,0.3,0.2,0.3,0.1,0.15,0.7,False,False,-2.7943685120524697
-2.9341492536307214,-2.1123389363879737,0.010245415440124448,-0.021187634226305176,1.7803304706475012,0.8006602991190275,-0.9977969377138246,-0.9954261306028972,0.3,0.2,0.1,0.1,0.05,0.6,False,False,-3.177028313197957
