venue,symbol,underlying,quote_ccy,option_type,strike,expiry_utc,T_years,spot,mark,bid,ask,iv,oi,volume,raw_timestamp_utc,fetch_timestamp_utc,mid,ba_spread_pct,intrinsic_put,intrinsic_call,below_intrinsic_flag
lyra,SOL-20260416-89-P,SOL,USD,put,89.0,2026-04-16T00:00:00+00:00,0.004427294627251395,86.2,3.2,0.0,0.0,0.59226,0.0,0.0,2026-04-14T09:13:30.512000+00:00,2026-04-14T09:13:00.836635+00:00,,,2.799999999999997,,False
lyra,SOL-20260416-79-C,SOL,USD,call,79.0,2026-04-16T00:00:00+00:00,0.004427294627251395,86.2,7.2,0.0,0.0,0.6482,0.0,0.0,2026-04-14T09:13:30.334000+00:00,2026-04-14T09:13:00.836635+00:00,,,,7.200000000000003,False
lyra,SOL-20260416-81-C,SOL,USD,call,81.0,2026-04-16T00:00:00+00:00,0.004427294627251395,86.2,5.3,0.0,0.0,0.62534,0.0,0.0,2026-04-14T09:13:31.098000+00:00,2026-04-14T09:13:00.836635+00:00,,,,5.200000000000003,False
lyra,SOL-20260416-95-P,SOL,USD,put,95.0,2026-04-16T00:00:00+00:00,0.004427294627251395,86.2,8.7,0.0,0.0,0.65686,0.0,0.0,2026-04-14T09:13:31.344000+00:00,2026-04-14T09:13:00.836635+00:00,,,8.799999999999997,,True
lyra,SOL-20260416-81-P,SOL,USD,put,81.0,2026-04-16T00:00:00+00:00,0.004427294627251395,86.2,0.1,0.0,0.0,0.62534,0.0,0.0,2026-04-14T09:13:30.591000+00:00,2026-04-14T09:13:00.836635+00:00,,,0.0,,False
lyra,SOL-20260416-86-P,SOL,USD,put,86.0,2026-04-16T00:00:00+00:00,0.004427294627251395,86.2,1.3,0.0,0.0,0.57164,0.0,0.0,2026-04-14T09:13:30.997000+00:00,2026-04-14T09:13:00.836635+00:00,,,0.0,,False
lyra,SOL-20260416-76-C,SOL,USD,call,76.0,2026-04-16T00:00:00+00:00,0.004427294627251395,86.2,10.2,0.0,0.0,0.68223,0.0,0.0,2026-04-14T09:13:30.291000+00:00,2026-04-14T09:13:00.836635+00:00,,,,10.200000000000003,False
lyra,SOL-20260416-75-C,SOL,USD,call,75.0,2026-04-16T00:00:00+00:00,0.004427294627251395,86.2,11.2,0.0,0.0,0.6935,0.0,0.0,2026-04-14T09:13:30.691000+00:00,2026-04-14T09:13:00.836635+00:00,,,,11.200000000000003,False
lyra,SOL-20260416-89-C,SOL,USD,call,89.0,2026-04-16T00:00:00+00:00,0.004427294627251395,86.2,0.5,0.0,0.0,0.59226,0.0,0.0,2026-04-14T09:13:30.234000+00:00,2026-04-14T09:13:00.836635+00:00,,,,0.0,False
lyra,SOL-20260416-78-C,SOL,USD,call,78.0,2026-04-16T00:00:00+00:00,0.004427294627251395,86.2,8.2,0.0,0.0,0.65958,0.0,0.0,2026-04-14T09:13:30.333000+00:00,2026-04-14T09:13:00.836635+00:00,,,,8.200000000000003,False
lyra,SOL-20260416-87-P,SOL,USD,put,87.0,2026-04-16T00:00:00+00:00,0.004427294627251395,86.2,1.8,0.0,0.0,0.57198,0.0,0.0,2026-04-14T09:13:30.490000+00:00,2026-04-14T09:13:00.836635+00:00,,,0.7999999999999972,,False
lyra,SOL-20260416-85-C,SOL,USD,call,85.0,2026-04-16T00:00:00+00:00,0.004427294627251395,86.2,2.1,0.0,0.0,0.5803,0.0,0.0,2026-04-14T09:13:30.636000+00:00,2026-04-14T09:13:00.836635+00:00,,,,1.2000000000000028,False
lyra,SOL-20260416-87-C,SOL,USD,call,87.0,2026-04-16T00:00:00+00:00,0.004427294627251395,86.2,1.0,0.0,0.0,0.57198,0.0,0.0,2026-04-14T09:13:31.142000+00:00,2026-04-14T09:13:00.836635+00:00,,,,0.0,False
lyra,SOL-20260416-86-C,SOL,USD,call,86.0,2026-04-16T00:00:00+00:00,0.004427294627251395,86.2,1.5,0.0,0.0,0.57164,0.0,0.0,2026-04-14T09:13:30.232000+00:00,2026-04-14T09:13:00.836635+00:00,,,,0.20000000000000284,False
lyra,SOL-20260416-83-C,SOL,USD,call,83.0,2026-04-16T00:00:00+00:00,0.004427294627251395,86.2,3.6,0.0,0.0,0.60244,0.0,0.0,2026-04-14T09:13:30.437000+00:00,2026-04-14T09:13:00.836635+00:00,,,,3.200000000000003,False
lyra,SOL-20260416-85-P,SOL,USD,put,85.0,2026-04-16T00:00:00+00:00,0.004427294627251395,86.2,0.9,0.0,0.0,0.5803,0.0,0.0,2026-04-14T09:13:30.639000+00:00,2026-04-14T09:13:00.836635+00:00,,,0.0,,False
lyra,SOL-20260416-84-P,SOL,USD,put,84.0,2026-04-16T00:00:00+00:00,0.004427294627251395,86.2,0.6,0.0,0.0,0.59113,0.0,0.0,2026-04-14T09:13:30.509000+00:00,2026-04-14T09:13:00.836635+00:00,,,0.0,,False
lyra,SOL-20260416-94-P,SOL,USD,put,94.0,2026-04-16T00:00:00+00:00,0.004427294627251395,86.2,7.8,0.0,0.0,0.64671,0.0,0.0,2026-04-14T09:13:30.783000+00:00,2026-04-14T09:13:00.836635+00:00,,,7.799999999999997,,False
lyra,SOL-20260416-88-P,SOL,USD,put,88.0,2026-04-16T00:00:00+00:00,0.004427294627251395,86.2,2.5,0.0,0.0,0.58118,0.0,0.0,2026-04-14T09:13:31.200000+00:00,2026-04-14T09:13:00.836635+00:00,,,1.7999999999999972,,False
lyra,SOL-20260416-83-P,SOL,USD,put,83.0,2026-04-16T00:00:00+00:00,0.004427294627251395,86.2,0.3,0.0,0.0,0.60244,0.0,0.0,2026-04-14T09:13:30.290000+00:00,2026-04-14T09:13:00.836635+00:00,,,0.0,,False
lyra,SOL-20260416-82-C,SOL,USD,call,82.0,2026-04-16T00:00:00+00:00,0.004427294627251395,86.2,4.4,0.0,0.0,0.61388,0.0,0.0,2026-04-14T09:13:31.042000+00:00,2026-04-14T09:13:00.836635+00:00,,,,4.200000000000003,False
lyra,SOL-20260416-90-C,SOL,USD,call,90.0,2026-04-16T00:00:00+00:00,0.004427294627251395,86.2,0.3,0.0,0.0,0.60355,0.0,0.0,2026-04-14T09:13:30.740000+00:00,2026-04-14T09:13:00.836635+00:00,,,,0.0,False
lyra,SOL-20260416-92-C,SOL,USD,call,92.0,2026-04-16T00:00:00+00:00,0.004427294627251395,86.2,0.1,0.0,0.0,0.62563,0.0,0.0,2026-04-14T09:13:31.322000+00:00,2026-04-14T09:13:00.836635+00:00,,,,0.0,False
lyra,SOL-20260416-84-C,SOL,USD,call,84.0,2026-04-16T00:00:00+00:00,0.004427294627251395,86.2,2.8,0.0,0.0,0.59113,0.0,0.0,2026-04-14T09:13:30.893000+00:00,2026-04-14T09:13:00.836635+00:00,,,,2.200000000000003,False
lyra,SOL-20260416-82-P,SOL,USD,put,82.0,2026-04-16T00:00:00+00:00,0.004427294627251395,86.2,0.2,0.0,0.0,0.61388,0.0,0.0,2026-04-14T09:13:31.041000+00:00,2026-04-14T09:13:00.836635+00:00,,,0.0,,False
lyra,SOL-20260416-80-C,SOL,USD,call,80.0,2026-04-16T00:00:00+00:00,0.004427294627251395,86.2,6.3,0.0,0.0,0.63679,0.0,0.0,2026-04-14T09:13:30.998000+00:00,2026-04-14T09:13:00.836635+00:00,,,,6.200000000000003,False
lyra,SOL-20260416-100-P,SOL,USD,put,100.0,2026-04-16T00:00:00+00:00,0.004427294627251395,86.2,13.7,0.0,0.0,0.70414,0.0,0.0,2026-04-14T09:13:30.390000+00:00,2026-04-14T09:13:00.836635+00:00,,,13.799999999999997,,True
lyra,SOL-20260416-88-C,SOL,USD,call,88.0,2026-04-16T00:00:00+00:00,0.004427294627251395,86.2,0.7,0.0,0.0,0.58118,0.0,0.0,2026-04-14T09:13:30.436000+00:00,2026-04-14T09:13:00.836635+00:00,,,,0.0,False
lyra,SOL-20260416-90-P,SOL,USD,put,90.0,2026-04-16T00:00:00+00:00,0.004427294627251395,86.2,4.0,0.0,0.0,0.60355,0.0,0.0,2026-04-14T09:13:30.389000+00:00,2026-04-14T09:13:00.836635+00:00,,,3.799999999999997,,False
lyra,SOL-20260416-92-P,SOL,USD,put,92.0,2026-04-16T00:00:00+00:00,0.004427294627251395,86.2,5.8,0.0,0.0,0.62563,0.0,0.0,2026-04-14T09:13:30.392000+00:00,2026-04-14T09:13:00.836635+00:00,,,5.799999999999997,,False
lyra,SOL-20260416-74-C,SOL,USD,call,74.0,2026-04-16T00:00:00+00:00,0.004427294627251395,86.2,12.2,0.0,0.0,0.70475,0.0,0.0,2026-04-14T09:13:30.639000+00:00,2026-04-14T09:13:00.836635+00:00,,,,12.200000000000003,False
lyra,SOL-20260416-70-C,SOL,USD,call,70.0,2026-04-16T00:00:00+00:00,0.004427294627251395,86.2,16.2,0.0,0.0,0.7157,0.0,0.0,2026-04-14T09:13:30.538000+00:00,2026-04-14T09:13:00.836635+00:00,,,,16.200000000000003,False
lyra,SOL-20260417-84-P,SOL,USD,put,84.0,2026-04-17T00:00:00+00:00,0.007167020654648655,86.2,0.8,250.0,250.0,0.5639,8.0,0.0,2026-04-14T09:13:22.605000+00:00,2026-04-14T09:13:00.836635+00:00,250.0,0.0,0.0,,False
lyra,SOL-20260417-72-C,SOL,USD,call,72.0,2026-04-17T00:00:00+00:00,0.007167020654648655,86.2,14.2,0.0,0.0,0.65849,0.0,0.0,2026-04-14T09:13:25.537000+00:00,2026-04-14T09:13:00.836635+00:00,,,,14.200000000000003,False
lyra,SOL-20260417-82-C,SOL,USD,call,82.0,2026-04-17T00:00:00+00:00,0.007167020654648655,86.2,4.6,250.0,250.0,0.57954,0.0,0.0,2026-04-14T09:13:25.683000+00:00,2026-04-14T09:13:00.836635+00:00,250.0,0.0,,4.200000000000003,False
lyra,SOL-20260417-110-P,SOL,USD,put,110.0,2026-04-17T00:00:00+00:00,0.007167020654648655,86.2,23.7,0.0,0.0,0.71282,0.0,0.0,2026-04-14T09:13:25.787000+00:00,2026-04-14T09:13:00.836635+00:00,,,23.799999999999997,,True
lyra,SOL-20260417-86-P,SOL,USD,put,86.0,2026-04-17T00:00:00+00:00,0.007167020654648655,86.2,1.5,250.0,250.0,0.54875,0.0,0.0,2026-04-14T09:13:23.011000+00:00,2026-04-14T09:13:00.836635+00:00,250.0,0.0,0.0,,False
lyra,SOL-20260417-83-P,SOL,USD,put,83.0,2026-04-17T00:00:00+00:00,0.007167020654648655,86.2,0.5,250.0,250.0,0.5717,0.0,0.0,2026-04-14T09:13:23.360000+00:00,2026-04-14T09:13:00.836635+00:00,250.0,0.0,0.0,,False
lyra,SOL-20260417-94-P,SOL,USD,put,94.0,2026-04-17T00:00:00+00:00,0.007167020654648655,86.2,7.8,0.0,0.0,0.60934,0.0,0.0,2026-04-14T09:13:25.785000+00:00,2026-04-14T09:13:00.836635+00:00,,,7.799999999999997,,False
lyra,SOL-20260417-82-P,SOL,USD,put,82.0,2026-04-17T00:00:00+00:00,0.007167020654648655,86.2,0.3,250.0,250.0,0.57954,3.0,0.0,2026-04-14T09:13:32.006000+00:00,2026-04-14T09:13:00.836635+00:00,250.0,0.0,0.0,,False
lyra,SOL-20260417-60-C,SOL,USD,call,60.0,2026-04-17T00:00:00+00:00,0.007167020654648655,86.2,26.2,0.0,0.0,0.66616,0.0,0.0,2026-04-14T09:13:25.686000+00:00,2026-04-14T09:13:00.836635+00:00,,,,26.200000000000003,False
lyra,SOL-20260417-88-C,SOL,USD,call,88.0,2026-04-17T00:00:00+00:00,0.007167020654648655,86.2,0.9,250.0,250.0,0.54215,0.0,0.0,2026-04-14T09:13:32.207000+00:00,2026-04-14T09:13:00.836635+00:00,250.0,0.0,,0.0,False
lyra,SOL-20260417-75-C,SOL,USD,call,75.0,2026-04-17T00:00:00+00:00,0.007167020654648655,86.2,11.2,0.0,0.0,0.63472,0.0,0.0,2026-04-14T09:13:32.310000+00:00,2026-04-14T09:13:00.836635+00:00,,,,11.200000000000003,False
lyra,SOL-20260417-92-C,SOL,USD,call,92.0,2026-04-17T00:00:00+00:00,0.007167020654648655,86.2,0.2,0.0,0.0,0.58692,0.0,0.0,2026-04-14T09:13:23.112000+00:00,2026-04-14T09:13:00.836635+00:00,,,,0.0,False
lyra,SOL-20260417-76-C,SOL,USD,call,76.0,2026-04-17T00:00:00+00:00,0.007167020654648655,86.2,10.2,0.0,0.0,0.62682,0.0,0.0,2026-04-14T09:13:24.573000+00:00,2026-04-14T09:13:00.836635+00:00,,,,10.200000000000003,False
lyra,SOL-20260417-100-P,SOL,USD,put,100.0,2026-04-17T00:00:00+00:00,0.007167020654648655,86.2,13.7,0.0,0.0,0.67,0.0,0.0,2026-04-14T09:13:26.697000+00:00,2026-04-14T09:13:00.836635+00:00,,,13.799999999999997,,True
lyra,SOL-20260417-84-C,SOL,USD,call,84.0,2026-04-17T00:00:00+00:00,0.007167020654648655,86.2,3.0,250.0,250.0,0.5639,0.0,0.0,2026-04-14T09:13:24.123000+00:00,2026-04-14T09:13:00.836635+00:00,250.0,0.0,,2.200000000000003,False
lyra,SOL-20260417-160-P,SOL,USD,put,160.0,2026-04-17T00:00:00+00:00,0.007167020654648655,86.2,73.6,0.0,0.0,0.71282,0.0,0.0,2026-04-14T09:13:24.695000+00:00,2026-04-14T09:13:00.836635+00:00,,,73.8,,True
lyra,SOL-20260417-70-C,SOL,USD,call,70.0,2026-04-17T00:00:00+00:00,0.007167020654648655,86.2,16.2,0.0,0.0,0.66616,0.0,0.0,2026-04-14T09:13:26.146000+00:00,2026-04-14T09:13:00.836635+00:00,,,,16.200000000000003,False
lyra,SOL-20260417-87-C,SOL,USD,call,87.0,2026-04-17T00:00:00+00:00,0.007167020654648655,86.2,1.3,250.0,250.0,0.54239,0.0,0.0,2026-04-14T09:13:32.550000+00:00,2026-04-14T09:13:00.836635+00:00,250.0,0.0,,0.0,False
lyra,SOL-20260417-140-P,SOL,USD,put,140.0,2026-04-17T00:00:00+00:00,0.007167020654648655,86.2,53.6,0.0,0.0,0.71282,0.0,0.0,2026-04-14T09:13:24.224000+00:00,2026-04-14T09:13:00.836635+00:00,,,53.8,,True
lyra,SOL-20260417-95-P,SOL,USD,put,95.0,2026-04-17T00:00:00+00:00,0.007167020654648655,86.2,8.8,0.0,0.0,0.62011,0.0,0.0,2026-04-14T09:13:23.011000+00:00,2026-04-14T09:13:00.836635+00:00,,,8.799999999999997,,False
lyra,SOL-20260417-120-P,SOL,USD,put,120.0,2026-04-17T00:00:00+00:00,0.007167020654648655,86.2,33.7,0.0,0.0,0.71282,0.0,0.0,2026-04-14T09:13:25.484000+00:00,2026-04-14T09:13:00.836635+00:00,,,33.8,,True
lyra,SOL-20260417-83-C,SOL,USD,call,83.0,2026-04-17T00:00:00+00:00,0.007167020654648655,86.2,3.8,250.0,250.0,0.5717,5.0,415.817,2026-04-14T09:13:24.271000+00:00,2026-04-14T09:13:00.836635+00:00,250.0,0.0,,3.200000000000003,False
lyra,SOL-20260417-115-P,SOL,USD,put,115.0,2026-04-17T00:00:00+00:00,0.007167020654648655,86.2,28.7,0.0,0.0,0.71282,0.0,0.0,2026-04-14T09:13:24.673000+00:00,2026-04-14T09:13:00.836635+00:00,,,28.799999999999997,,True
lyra,SOL-20260417-88-P,SOL,USD,put,88.0,2026-04-17T00:00:00+00:00,0.007167020654648655,86.2,2.6,250.0,250.0,0.54215,0.0,0.0,2026-04-14T09:13:30.793000+00:00,2026-04-14T09:13:00.836635+00:00,250.0,0.0,1.7999999999999972,,False
lyra,SOL-20260417-81-C,SOL,USD,call,81.0,2026-04-17T00:00:00+00:00,0.007167020654648655,86.2,5.5,0.0,0.0,0.5874,0.0,0.0,2026-04-14T09:13:31.702000+00:00,2026-04-14T09:13:00.836635+00:00,,,,5.200000000000003,False
lyra,SOL-20260417-80-C,SOL,USD,call,80.0,2026-04-17T00:00:00+00:00,0.007167020654648655,86.2,6.4,0.0,0.0,0.59527,38.5,0.0,2026-04-14T09:13:23.157000+00:00,2026-04-14T09:13:00.836635+00:00,,,,6.200000000000003,False
lyra,SOL-20260417-96-P,SOL,USD,put,96.0,2026-04-17T00:00:00+00:00,0.007167020654648655,86.2,9.7,0.0,0.0,0.6306,0.0,0.0,2026-04-14T09:13:24.473000+00:00,2026-04-14T09:13:00.836635+00:00,,,9.799999999999997,,True
lyra,SOL-20260417-79-C,SOL,USD,call,79.0,2026-04-17T00:00:00+00:00,0.007167020654648655,86.2,7.3,0.0,0.0,0.60315,0.0,0.0,2026-04-14T09:13:23.717000+00:00,2026-04-14T09:13:00.836635+00:00,,,,7.200000000000003,False
lyra,SOL-20260417-94-C,SOL,USD,call,94.0,2026-04-17T00:00:00+00:00,0.007167020654648655,86.2,0.1,0.0,0.0,0.60934,0.0,0.0,2026-04-14T09:13:25.180000+00:00,2026-04-14T09:13:00.836635+00:00,,,,0.0,False
lyra,SOL-20260417-74-C,SOL,USD,call,74.0,2026-04-17T00:00:00+00:00,0.007167020654648655,86.2,12.2,0.0,0.0,0.64263,0.0,0.0,2026-04-14T09:13:25.976000+00:00,2026-04-14T09:13:00.836635+00:00,,,,12.200000000000003,False
lyra,SOL-20260417-65-C,SOL,USD,call,65.0,2026-04-17T00:00:00+00:00,0.007167020654648655,86.2,21.2,0.0,0.0,0.66616,0.0,0.0,2026-04-14T09:13:24.324000+00:00,2026-04-14T09:13:00.836635+00:00,,,,21.200000000000003,False
lyra,SOL-20260417-92-P,SOL,USD,put,92.0,2026-04-17T00:00:00+00:00,0.007167020654648655,86.2,5.9,0.0,0.0,0.58692,0.0,0.0,2026-04-14T09:13:23.866000+00:00,2026-04-14T09:13:00.836635+00:00,,,5.799999999999997,,False
lyra,SOL-20260417-80-P,SOL,USD,put,80.0,2026-04-17T00:00:00+00:00,0.007167020654648655,86.2,0.1,0.0,0.0,0.59527,2.0,0.0,2026-04-14T09:13:23.967000+00:00,2026-04-14T09:13:00.836635+00:00,,,0.0,,False
lyra,SOL-20260417-105-P,SOL,USD,put,105.0,2026-04-17T00:00:00+00:00,0.007167020654648655,86.2,18.7,0.0,0.0,0.71282,0.0,0.0,2026-04-14T09:13:32.153000+00:00,2026-04-14T09:13:00.836635+00:00,,,18.799999999999997,,True
lyra,SOL-20260417-85-P,SOL,USD,put,85.0,2026-04-17T00:00:00+00:00,0.007167020654648655,86.2,1.1,250.0,250.0,0.55619,0.0,0.0,2026-04-14T09:13:31.298000+00:00,2026-04-14T09:13:00.836635+00:00,250.0,0.0,0.0,,False
lyra,SOL-20260417-90-C,SOL,USD,call,90.0,2026-04-17T00:00:00+00:00,0.007167020654648655,86.2,0.5,250.0,250.0,0.56343,7.9,0.0,2026-04-14T09:13:24.572000+00:00,2026-04-14T09:13:00.836635+00:00,250.0,0.0,,0.0,False
lyra,SOL-20260417-81-P,SOL,USD,put,81.0,2026-04-17T00:00:00+00:00,0.007167020654648655,86.2,0.2,0.0,0.0,0.5874,0.0,0.0,2026-04-14T09:13:31.142000+00:00,2026-04-14T09:13:00.836635+00:00,,,0.0,,False
lyra,SOL-20260417-87-P,SOL,USD,put,87.0,2026-04-17T00:00:00+00:00,0.007167020654648655,86.2,2.0,250.0,250.0,0.54239,0.0,0.0,2026-04-14T09:13:25.436000+00:00,2026-04-14T09:13:00.836635+00:00,250.0,0.0,0.7999999999999972,,False
lyra,SOL-20260417-85-C,SOL,USD,call,85.0,2026-04-17T00:00:00+00:00,0.007167020654648655,86.2,2.4,250.0,250.0,0.55619,100.0,0.0,2026-04-14T09:13:26.044000+00:00,2026-04-14T09:13:00.836635+00:00,250.0,0.0,,1.2000000000000028,False
lyra,SOL-20260417-90-P,SOL,USD,put,90.0,2026-04-17T00:00:00+00:00,0.007167020654648655,86.2,4.2,250.0,250.0,0.56343,0.0,0.0,2026-04-14T09:13:25.334000+00:00,2026-04-14T09:13:00.836635+00:00,250.0,0.0,3.799999999999997,,False
lyra,SOL-20260417-78-C,SOL,USD,call,78.0,2026-04-17T00:00:00+00:00,0.007167020654648655,86.2,8.3,0.0,0.0,0.61103,0.0,0.0,2026-04-14T09:13:24.728000+00:00,2026-04-14T09:13:00.836635+00:00,,,,8.200000000000003,False
lyra,SOL-20260417-86-C,SOL,USD,call,86.0,2026-04-17T00:00:00+00:00,0.007167020654648655,86.2,1.8,250.0,250.0,0.54875,0.0,0.0,2026-04-14T09:13:32.309000+00:00,2026-04-14T09:13:00.836635+00:00,250.0,0.0,,0.20000000000000284,False
lyra,SOL-20260424-78-C,SOL,USD,call,78.0,2026-04-24T00:00:00+00:00,0.026345102846429477,86.2,9.1,0.0,0.0,0.66508,0.0,0.0,2026-04-14T09:13:24.931000+00:00,2026-04-14T09:13:00.836635+00:00,,,,8.200000000000003,False
lyra,SOL-20260424-140-P,SOL,USD,put,140.0,2026-04-24T00:00:00+00:00,0.026345102846429477,86.2,53.6,0.0,0.0,0.83056,0.0,0.0,2026-04-14T09:13:26.044000+00:00,2026-04-14T09:13:00.836635+00:00,,,53.8,,True
lyra,SOL-20260424-85-C,SOL,USD,call,85.0,2026-04-24T00:00:00+00:00,0.026345102846429477,86.2,3.8,250.0,250.0,0.55659,10.099,0.0,2026-04-14T09:13:32.763000+00:00,2026-04-14T09:13:00.836635+00:00,250.0,0.0,,1.2000000000000028,False
lyra,SOL-20260424-92-C,SOL,USD,call,92.0,2026-04-24T00:00:00+00:00,0.026345102846429477,86.2,1.2,250.0,250.0,0.58148,0.0,0.0,2026-04-14T09:13:23.564000+00:00,2026-04-14T09:13:00.836635+00:00,250.0,0.0,,0.0,False
lyra,SOL-20260424-90-C,SOL,USD,call,90.0,2026-04-24T00:00:00+00:00,0.026345102846429477,86.2,1.7,250.0,250.0,0.56723,48.0,2821.517,2026-04-14T09:13:32.258000+00:00,2026-04-14T09:13:00.836635+00:00,250.0,0.0,,0.0,False
lyra,SOL-20260424-60-P,SOL,USD,put,60.0,2026-04-24T00:00:00+00:00,0.026345102846429477,86.2,0.1,0.0,0.0,1.09161,0.0,0.0,2026-04-14T09:13:24.372000+00:00,2026-04-14T09:13:00.836635+00:00,,,0.0,,False
lyra,SOL-20260424-88-C,SOL,USD,call,88.0,2026-04-24T00:00:00+00:00,0.026345102846429477,86.2,2.4,250.0,250.0,0.55695,0.0,0.0,2026-04-14T09:13:23.314000+00:00,2026-04-14T09:13:00.836635+00:00,250.0,0.0,,0.0,False
lyra,SOL-20260424-82-P,SOL,USD,put,82.0,2026-04-24T00:00:00+00:00,0.026345102846429477,86.2,1.5,250.0,250.0,0.58577,0.0,0.0,2026-04-14T09:13:24.829000+00:00,2026-04-14T09:13:00.836635+00:00,250.0,0.0,0.0,,False
lyra,SOL-20260424-60-C,SOL,USD,call,60.0,2026-04-24T00:00:00+00:00,0.026345102846429477,86.2,26.3,0.0,0.0,1.09161,0.0,0.0,2026-04-14T09:13:26.550000+00:00,2026-04-14T09:13:00.836635+00:00,,,,26.200000000000003,False
lyra,SOL-20260424-200-P,SOL,USD,put,200.0,2026-04-24T00:00:00+00:00,0.026345102846429477,86.2,113.6,0.0,0.0,0.83056,0.0,0.0,2026-04-14T09:13:24.370000+00:00,2026-04-14T09:13:00.836635+00:00,,,113.8,,True
lyra,SOL-20260424-86-C,SOL,USD,call,86.0,2026-04-24T00:00:00+00:00,0.026345102846429477,86.2,3.2,250.0,250.0,0.55397,0.0,0.0,2026-04-14T09:13:23.819000+00:00,2026-04-14T09:13:00.836635+00:00,250.0,0.0,,0.20000000000000284,False
lyra,SOL-20260424-95-P,SOL,USD,put,95.0,2026-04-24T00:00:00+00:00,0.026345102846429477,86.2,9.5,250.0,250.0,0.60611,0.0,0.0,2026-04-14T09:13:24.071000+00:00,2026-04-14T09:13:00.836635+00:00,250.0,0.0,8.799999999999997,,False
lyra,SOL-20260424-110-P,SOL,USD,put,110.0,2026-04-24T00:00:00+00:00,0.026345102846429477,86.2,23.7,0.0,0.0,0.72871,0.0,0.0,2026-04-14T09:13:24.325000+00:00,2026-04-14T09:13:00.836635+00:00,,,23.799999999999997,,True
lyra,SOL-20260424-120-P,SOL,USD,put,120.0,2026-04-24T00:00:00+00:00,0.026345102846429477,86.2,33.7,0.0,0.0,0.79727,0.0,0.0,2026-04-14T09:13:24.324000+00:00,2026-04-14T09:13:00.836635+00:00,,,33.8,,True
lyra,SOL-20260424-160-P,SOL,USD,put,160.0,2026-04-24T00:00:00+00:00,0.026345102846429477,86.2,73.6,0.0,0.0,0.83056,0.0,0.0,2026-04-14T09:13:26.043000+00:00,2026-04-14T09:13:00.836635+00:00,,,73.8,,True
lyra,SOL-20260424-220-P,SOL,USD,put,220.0,2026-04-24T00:00:00+00:00,0.026345102846429477,86.2,133.5,0.0,0.0,0.83056,0.0,0.0,2026-04-14T09:13:23.463000+00:00,2026-04-14T09:13:00.836635+00:00,,,133.8,,True
lyra,SOL-20260424-75-P,SOL,USD,put,75.0,2026-04-24T00:00:00+00:00,0.026345102846429477,86.2,0.6,250.0,0.0,0.73656,507.699,0.0,2026-04-14T09:13:33.019000+00:00,2026-04-14T09:13:00.836635+00:00,,,0.0,,False
lyra,SOL-20260424-70-P,SOL,USD,put,70.0,2026-04-24T00:00:00+00:00,0.026345102846429477,86.2,0.3,0.0,0.0,0.85793,2050.0,0.0,2026-04-14T09:13:33.061000+00:00,2026-04-14T09:13:00.836635+00:00,,,0.0,,False
lyra,SOL-20260424-115-P,SOL,USD,put,115.0,2026-04-24T00:00:00+00:00,0.026345102846429477,86.2,28.7,0.0,0.0,0.7643,0.0,0.0,2026-04-14T09:13:24.629000+00:00,2026-04-14T09:13:00.836635+00:00,,,28.799999999999997,,True
lyra,SOL-20260424-100-C,SOL,USD,call,100.0,2026-04-24T00:00:00+00:00,0.026345102846429477,86.2,0.3,0.0,0.0,0.64901,30.399,0.0,2026-04-14T09:13:23.921000+00:00,2026-04-14T09:13:00.836635+00:00,,,,0.0,False
lyra,SOL-20260424-86-P,SOL,USD,put,86.0,2026-04-24T00:00:00+00:00,0.026345102846429477,86.2,2.9,250.0,250.0,0.55397,0.0,0.0,2026-04-14T09:13:25.992000+00:00,2026-04-14T09:13:00.836635+00:00,250.0,0.0,0.0,,False
lyra,SOL-20260424-150-P,SOL,USD,put,150.0,2026-04-24T00:00:00+00:00,0.026345102846429477,86.2,63.6,0.0,0.0,0.83056,0.0,0.0,2026-04-14T09:13:24.525000+00:00,2026-04-14T09:13:00.836635+00:00,,,63.8,,True
lyra,SOL-20260424-240-P,SOL,USD,put,240.0,2026-04-24T00:00:00+00:00,0.026345102846429477,86.2,153.5,0.0,0.0,0.83056,0.0,0.0,2026-04-14T09:13:32.308000+00:00,2026-04-14T09:13:00.836635+00:00,,,153.8,,True
lyra,SOL-20260424-82-C,SOL,USD,call,82.0,2026-04-24T00:00:00+00:00,0.026345102846429477,86.2,5.8,250.0,250.0,0.58577,0.0,0.0,2026-04-14T09:13:25.031000+00:00,2026-04-14T09:13:00.836635+00:00,250.0,0.0,,4.200000000000003,False
lyra,SOL-20260424-78-P,SOL,USD,put,78.0,2026-04-24T00:00:00+00:00,0.026345102846429477,86.2,0.8,0.0,0.0,0.66508,15.0,0.0,2026-04-14T09:13:31.954000+00:00,2026-04-14T09:13:00.836635+00:00,,,0.0,,False
lyra,SOL-20260424-300-P,SOL,USD,put,300.0,2026-04-24T00:00:00+00:00,0.026345102846429477,86.2,213.5,0.0,0.0,0.83056,0.0,0.0,2026-04-14T09:13:24.628000+00:00,2026-04-14T09:13:00.836635+00:00,,,213.8,,True
lyra,SOL-20260424-92-P,SOL,USD,put,92.0,2026-04-24T00:00:00+00:00,0.026345102846429477,86.2,6.9,250.0,250.0,0.58148,0.0,0.0,2026-04-14T09:13:33.019000+00:00,2026-04-14T09:13:00.836635+00:00,250.0,0.0,5.799999999999997,,False
lyra,SOL-20260424-40-C,SOL,USD,call,40.0,2026-04-24T00:00:00+00:00,0.026345102846429477,86.2,46.2,0.0,0.0,1.10571,0.0,0.0,2026-04-14T09:13:23.921000+00:00,2026-04-14T09:13:00.836635+00:00,,,,46.2,False
lyra,SOL-20260424-105-P,SOL,USD,put,105.0,2026-04-24T00:00:00+00:00,0.026345102846429477,86.2,18.8,0.0,0.0,0.69026,0.0,0.0,2026-04-14T09:13:32.174000+00:00,2026-04-14T09:13:00.836635+00:00,,,18.799999999999997,,False
lyra,SOL-20260424-105-C,SOL,USD,call,105.0,2026-04-24T00:00:00+00:00,0.026345102846429477,86.2,0.1,0.0,0.0,0.69026,50.0,0.0,2026-04-14T09:13:32.864000+00:00,2026-04-14T09:13:00.836635+00:00,,,,0.0,False
lyra,SOL-20260424-88-P,SOL,USD,put,88.0,2026-04-24T00:00:00+00:00,0.026345102846429477,86.2,4.1,250.0,250.0,0.55695,0.0,0.0,2026-04-14T09:13:32.615000+00:00,2026-04-14T09:13:00.836635+00:00,250.0,0.0,1.7999999999999972,,False
lyra,SOL-20260424-50-C,SOL,USD,call,50.0,2026-04-24T00:00:00+00:00,0.026345102846429477,86.2,36.2,0.0,0.0,1.10571,0.0,0.0,2026-04-14T09:13:25.538000+00:00,2026-04-14T09:13:00.836635+00:00,,,,36.2,False
lyra,SOL-20260424-130-P,SOL,USD,put,130.0,2026-04-24T00:00:00+00:00,0.026345102846429477,86.2,43.6,0.0,0.0,0.83056,0.0,0.0,2026-04-14T09:13:27.156000+00:00,2026-04-14T09:13:00.836635+00:00,,,43.8,,True
lyra,SOL-20260424-95-C,SOL,USD,call,95.0,2026-04-24T00:00:00+00:00,0.026345102846429477,86.2,0.8,250.0,250.0,0.60611,3.799,0.0,2026-04-14T09:13:25.584000+00:00,2026-04-14T09:13:00.836635+00:00,250.0,0.0,,0.0,False
lyra,SOL-20260424-100-P,SOL,USD,put,100.0,2026-04-24T00:00:00+00:00,0.026345102846429477,86.2,14.0,0.0,0.0,0.64901,0.0,0.0,2026-04-14T09:13:26.144000+00:00,2026-04-14T09:13:00.836635+00:00,,,13.799999999999997,,False
lyra,SOL-20260424-80-P,SOL,USD,put,80.0,2026-04-24T00:00:00+00:00,0.026345102846429477,86.2,1.1,250.0,250.0,0.62151,1038.0,0.0,2026-04-14T09:13:26.146000+00:00,2026-04-14T09:13:00.836635+00:00,250.0,0.0,0.0,,False
lyra,SOL-20260424-70-C,SOL,USD,call,70.0,2026-04-24T00:00:00+00:00,0.026345102846429477,86.2,16.6,0.0,0.0,0.85793,0.0,0.0,2026-04-14T09:13:25.032000+00:00,2026-04-14T09:13:00.836635+00:00,,,,16.200000000000003,False
lyra,SOL-20260424-75-C,SOL,USD,call,75.0,2026-04-24T00:00:00+00:00,0.026345102846429477,86.2,11.8,0.0,0.0,0.73656,0.0,0.0,2026-04-14T09:13:24.370000+00:00,2026-04-14T09:13:00.836635+00:00,,,,11.200000000000003,False
lyra,SOL-20260424-85-P,SOL,USD,put,85.0,2026-04-24T00:00:00+00:00,0.026345102846429477,86.2,2.5,250.0,250.0,0.55659,505.0,0.0,2026-04-14T09:13:23.159000+00:00,2026-04-14T09:13:00.836635+00:00,250.0,0.0,0.0,,False
lyra,SOL-20260424-180-P,SOL,USD,put,180.0,2026-04-24T00:00:00+00:00,0.026345102846429477,86.2,93.6,0.0,0.0,0.83056,0.0,0.0,2026-04-14T09:13:31.853000+00:00,2026-04-14T09:13:00.836635+00:00,,,93.8,,True
lyra,SOL-20260424-80-C,SOL,USD,call,80.0,2026-04-24T00:00:00+00:00,0.026345102846429477,86.2,7.4,250.0,250.0,0.62151,0.0,0.0,2026-04-14T09:13:33.061000+00:00,2026-04-14T09:13:00.836635+00:00,250.0,0.0,,6.200000000000003,False
lyra,SOL-20260424-84-P,SOL,USD,put,84.0,2026-04-24T00:00:00+00:00,0.026345102846429477,86.2,2.1,250.0,250.0,0.56265,0.0,0.0,2026-04-14T09:13:23.866000+00:00,2026-04-14T09:13:00.836635+00:00,250.0,0.0,0.0,,False
lyra,SOL-20260424-84-C,SOL,USD,call,84.0,2026-04-24T00:00:00+00:00,0.026345102846429477,86.2,4.4,250.0,250.0,0.56265,0.0,0.0,2026-04-14T09:13:23.683000+00:00,2026-04-14T09:13:00.836635+00:00,250.0,0.0,,2.200000000000003,False
lyra,SOL-20260424-90-P,SOL,USD,put,90.0,2026-04-24T00:00:00+00:00,0.026345102846429477,86.2,5.4,250.0,250.0,0.56723,24.0,2002.946,2026-04-14T09:13:32.410000+00:00,2026-04-14T09:13:00.836635+00:00,250.0,0.0,3.799999999999997,,False
lyra,SOL-20260501-65-C,SOL,USD,call,65.0,2026-05-01T00:00:00+00:00,0.0455231850382103,86.2,21.7,0.0,0.0,0.9048,0.0,0.0,2026-04-14T09:13:32.308000+00:00,2026-04-14T09:13:00.836635+00:00,,,,21.200000000000003,False
lyra,SOL-20260501-140-P,SOL,USD,put,140.0,2026-05-01T00:00:00+00:00,0.0455231850382103,86.2,53.6,0.0,0.0,0.8786,0.0,0.0,2026-04-14T09:13:26.089000+00:00,2026-04-14T09:13:00.836635+00:00,,,53.8,,True
lyra,SOL-20260501-78-C,SOL,USD,call,78.0,2026-05-01T00:00:00+00:00,0.0455231850382103,86.2,9.9,250.0,250.0,0.65227,0.0,0.0,2026-04-14T09:13:33.268000+00:00,2026-04-14T09:13:00.836635+00:00,250.0,0.0,,8.200000000000003,False
lyra,SOL-20260501-85-C,SOL,USD,call,85.0,2026-05-01T00:00:00+00:00,0.0455231850382103,86.2,4.9,250.0,250.0,0.576,0.0,0.0,2026-04-14T09:13:25.942000+00:00,2026-04-14T09:13:00.836635+00:00,250.0,0.0,,1.2000000000000028,False
lyra,SOL-20260501-92-C,SOL,USD,call,92.0,2026-05-01T00:00:00+00:00,0.0455231850382103,86.2,2.2,250.0,250.0,0.59822,250.0,20882.915,2026-04-14T09:13:32.208000+00:00,2026-04-14T09:13:00.836635+00:00,250.0,0.0,,0.0,False
lyra,SOL-20260501-90-C,SOL,USD,call,90.0,2026-05-01T00:00:00+00:00,0.0455231850382103,86.2,2.8,250.0,250.0,0.58658,0.0,0.0,2026-04-14T09:13:32.109000+00:00,2026-04-14T09:13:00.836635+00:00,250.0,0.0,,0.0,False
lyra,SOL-20260501-60-P,SOL,USD,put,60.0,2026-05-01T00:00:00+00:00,0.0455231850382103,86.2,0.2,0.0,0.0,1.00258,0.0,0.0,2026-04-14T09:13:33.120000+00:00,2026-04-14T09:13:00.836635+00:00,,,0.0,,False
lyra,SOL-20260501-88-C,SOL,USD,call,88.0,2026-05-01T00:00:00+00:00,0.0455231850382103,86.2,3.5,250.0,250.0,0.578,0.0,0.0,2026-04-14T09:13:34.173000+00:00,2026-04-14T09:13:00.836635+00:00,250.0,0.0,,0.0,False
lyra,SOL-20260501-82-P,SOL,USD,put,82.0,2026-05-01T00:00:00+00:00,0.0455231850382103,86.2,2.4,250.0,250.0,0.59492,0.0,0.0,2026-04-14T09:13:32.817000+00:00,2026-04-14T09:13:00.836635+00:00,250.0,0.0,0.0,,False
lyra,SOL-20260501-110-C,SOL,USD,call,110.0,2026-05-01T00:00:00+00:00,0.0455231850382103,86.2,0.3,0.0,0.0,0.72189,0.0,0.0,2026-04-14T09:13:32.513000+00:00,2026-04-14T09:13:00.836635+00:00,,,,0.0,False
lyra,SOL-20260501-60-C,SOL,USD,call,60.0,2026-05-01T00:00:00+00:00,0.0455231850382103,86.2,26.5,0.0,0.0,1.00258,0.0,0.0,2026-04-14T09:13:26.797000+00:00,2026-04-14T09:13:00.836635+00:00,,,,26.200000000000003,False
lyra,SOL-20260501-95-P,SOL,USD,put,95.0,2026-05-01T00:00:00+00:00,0.0455231850382103,86.2,10.3,250.0,250.0,0.61843,0.0,0.0,2026-04-14T09:13:34.234000+00:00,2026-04-14T09:13:00.836635+00:00,250.0,0.0,8.799999999999997,,False
lyra,SOL-20260501-86-C,SOL,USD,call,86.0,2026-05-01T00:00:00+00:00,0.0455231850382103,86.2,4.4,250.0,250.0,0.57473,0.0,0.0,2026-04-14T09:13:33.121000+00:00,2026-04-14T09:13:00.836635+00:00,250.0,0.0,,0.20000000000000284,False
lyra,SOL-20260501-94-P,SOL,USD,put,94.0,2026-05-01T00:00:00+00:00,0.0455231850382103,86.2,9.5,250.0,250.0,0.61147,0.0,0.0,2026-04-14T09:13:25.686000+00:00,2026-04-14T09:13:00.836635+00:00,250.0,0.0,7.799999999999997,,False
lyra,SOL-20260501-110-P,SOL,USD,put,110.0,2026-05-01T00:00:00+00:00,0.0455231850382103,86.2,24.0,0.0,0.0,0.72189,0.0,0.0,2026-04-14T09:13:33.363000+00:00,2026-04-14T09:13:00.836635+00:00,,,23.799999999999997,,False
lyra,SOL-20260501-120-P,SOL,USD,put,120.0,2026-05-01T00:00:00+00:00,0.0455231850382103,86.2,33.7,0.0,0.0,0.78122,0.0,0.0,2026-04-14T09:13:33.970000+00:00,2026-04-14T09:13:00.836635+00:00,,,33.8,,True
lyra,SOL-20260501-75-P,SOL,USD,put,75.0,2026-05-01T00:00:00+00:00,0.0455231850382103,86.2,1.1,0.0,0.0,0.7077,0.0,0.0,2026-04-14T09:13:33.323000+00:00,2026-04-14T09:13:00.836635+00:00,,,0.0,,False
lyra,SOL-20260501-70-P,SOL,USD,put,70.0,2026-05-01T00:00:00+00:00,0.0455231850382103,86.2,0.7,0.0,0.0,0.80605,0.0,0.0,2026-04-14T09:13:26.089000+00:00,2026-04-14T09:13:00.836635+00:00,,,0.0,,False
lyra,SOL-20260501-100-C,SOL,USD,call,100.0,2026-05-01T00:00:00+00:00,0.0455231850382103,86.2,1.0,0.0,0.0,0.65413,250.0,20798.698,2026-04-14T09:13:34.133000+00:00,2026-04-14T09:13:00.836635+00:00,,,,0.0,False
lyra,SOL-20260501-86-P,SOL,USD,put,86.0,2026-05-01T00:00:00+00:00,0.0455231850382103,86.2,4.0,250.0,250.0,0.57473,0.0,0.0,2026-04-14T09:13:25.282000+00:00,2026-04-14T09:13:00.836635+00:00,250.0,0.0,0.0,,False
lyra,SOL-20260501-150-P,SOL,USD,put,150.0,2026-05-01T00:00:00+00:00,0.0455231850382103,86.2,63.5,0.0,0.0,0.89052,0.0,0.0,2026-04-14T09:13:26.246000+00:00,2026-04-14T09:13:00.836635+00:00,,,63.8,,True
lyra,SOL-20260501-82-C,SOL,USD,call,82.0,2026-05-01T00:00:00+00:00,0.0455231850382103,86.2,6.8,250.0,250.0,0.59492,0.0,0.0,2026-04-14T09:13:33.527000+00:00,2026-04-14T09:13:00.836635+00:00,250.0,0.0,,4.200000000000003,False
lyra,SOL-20260501-78-P,SOL,USD,put,78.0,2026-05-01T00:00:00+00:00,0.0455231850382103,86.2,1.5,250.0,250.0,0.65227,0.0,0.0,2026-04-14T09:13:26.493000+00:00,2026-04-14T09:13:00.836635+00:00,250.0,0.0,0.0,,False
lyra,SOL-20260501-92-P,SOL,USD,put,92.0,2026-05-01T00:00:00+00:00,0.0455231850382103,86.2,7.9,250.0,250.0,0.59822,0.0,0.0,2026-04-14T09:13:25.386000+00:00,2026-04-14T09:13:00.836635+00:00,250.0,0.0,5.799999999999997,,False
lyra,SOL-20260501-94-C,SOL,USD,call,94.0,2026-05-01T00:00:00+00:00,0.0455231850382103,86.2,1.8,250.0,250.0,0.61147,0.0,0.0,2026-04-14T09:13:24.524000+00:00,2026-04-14T09:13:00.836635+00:00,250.0,0.0,,0.0,False
lyra,SOL-20260501-105-P,SOL,USD,put,105.0,2026-05-01T00:00:00+00:00,0.0455231850382103,86.2,19.2,0.0,0.0,0.68901,0.0,0.0,2026-04-14T09:13:24.371000+00:00,2026-04-14T09:13:00.836635+00:00,,,18.799999999999997,,False
lyra,SOL-20260501-105-C,SOL,USD,call,105.0,2026-05-01T00:00:00+00:00,0.0455231850382103,86.2,0.6,0.0,0.0,0.68901,250.0,20798.698,2026-04-14T09:13:25.582000+00:00,2026-04-14T09:13:00.836635+00:00,,,,0.0,False
lyra,SOL-20260501-120-C,SOL,USD,call,120.0,2026-05-01T00:00:00+00:00,0.0455231850382103,86.2,0.1,0.0,0.0,0.78122,0.0,0.0,2026-04-14T09:13:25.988000+00:00,2026-04-14T09:13:00.836635+00:00,,,,0.0,False
lyra,SOL-20260501-88-P,SOL,USD,put,88.0,2026-05-01T00:00:00+00:00,0.0455231850382103,86.2,5.2,250.0,250.0,0.578,0.0,0.0,2026-04-14T09:13:25.234000+00:00,2026-04-14T09:13:00.836635+00:00,250.0,0.0,1.7999999999999972,,False
lyra,SOL-20260501-50-C,SOL,USD,call,50.0,2026-05-01T00:00:00+00:00,0.0455231850382103,86.2,36.3,0.0,0.0,1.1545,0.0,0.0,2026-04-14T09:13:31.849000+00:00,2026-04-14T09:13:00.836635+00:00,,,,36.2,False
lyra,SOL-20260501-130-P,SOL,USD,put,130.0,2026-05-01T00:00:00+00:00,0.0455231850382103,86.2,43.6,0.0,0.0,0.83299,0.0,0.0,2026-04-14T09:13:26.144000+00:00,2026-04-14T09:13:00.836635+00:00,,,43.8,,True
lyra,SOL-20260501-100-P,SOL,USD,put,100.0,2026-05-01T00:00:00+00:00,0.0455231850382103,86.2,14.6,0.0,0.0,0.65413,0.0,0.0,2026-04-14T09:13:25.585000+00:00,2026-04-14T09:13:00.836635+00:00,,,13.799999999999997,,False
lyra,SOL-20260501-95-C,SOL,USD,call,95.0,2026-05-01T00:00:00+00:00,0.0455231850382103,86.2,1.6,250.0,250.0,0.61843,270.0,22466.505,2026-04-14T09:13:33.467000+00:00,2026-04-14T09:13:00.836635+00:00,250.0,0.0,,0.0,False
lyra,SOL-20260501-80-P,SOL,USD,put,80.0,2026-05-01T00:00:00+00:00,0.0455231850382103,86.2,1.9,250.0,250.0,0.62004,1.0,0.0,2026-04-14T09:13:31.849000+00:00,2026-04-14T09:13:00.836635+00:00,250.0,0.0,0.0,,False
lyra,SOL-20260501-70-C,SOL,USD,call,70.0,2026-05-01T00:00:00+00:00,0.0455231850382103,86.2,17.0,0.0,0.0,0.80605,0.0,0.0,2026-04-14T09:13:24.269000+00:00,2026-04-14T09:13:00.836635+00:00,,,,16.200000000000003,False
lyra,SOL-20260501-75-C,SOL,USD,call,75.0,2026-05-01T00:00:00+00:00,0.0455231850382103,86.2,12.4,0.0,0.0,0.7077,0.0,0.0,2026-04-14T09:13:32.005000+00:00,2026-04-14T09:13:00.836635+00:00,,,,11.200000000000003,False
lyra,SOL-20260501-85-P,SOL,USD,put,85.0,2026-05-01T00:00:00+00:00,0.0455231850382103,86.2,3.5,250.0,250.0,0.576,0.0,0.0,2026-04-14T09:13:24.779000+00:00,2026-04-14T09:13:00.836635+00:00,250.0,0.0,0.0,,False
lyra,SOL-20260501-80-C,SOL,USD,call,80.0,2026-05-01T00:00:00+00:00,0.0455231850382103,86.2,8.2,250.0,250.0,0.62004,0.0,0.0,2026-04-14T09:13:25.638000+00:00,2026-04-14T09:13:00.836635+00:00,250.0,0.0,,6.200000000000003,False
lyra,SOL-20260501-84-P,SOL,USD,put,84.0,2026-05-01T00:00:00+00:00,0.0455231850382103,86.2,3.1,250.0,250.0,0.57967,0.0,0.0,2026-04-14T09:13:32.714000+00:00,2026-04-14T09:13:00.836635+00:00,250.0,0.0,0.0,,False
lyra,SOL-20260501-90-P,SOL,USD,put,90.0,2026-05-01T00:00:00+00:00,0.0455231850382103,86.2,6.4,250.0,250.0,0.58658,0.0,0.0,2026-04-14T09:13:33.869000+00:00,2026-04-14T09:13:00.836635+00:00,250.0,0.0,3.799999999999997,,False
lyra,SOL-20260501-84-C,SOL,USD,call,84.0,2026-05-01T00:00:00+00:00,0.0455231850382103,86.2,5.5,250.0,250.0,0.57967,0.0,0.0,2026-04-14T09:13:32.513000+00:00,2026-04-14T09:13:00.836635+00:00,250.0,0.0,,2.200000000000003,False
lyra,SOL-20260501-65-P,SOL,USD,put,65.0,2026-05-01T00:00:00+00:00,0.0455231850382103,86.2,0.4,0.0,0.0,0.9048,0.0,0.0,2026-04-14T09:13:25.180000+00:00,2026-04-14T09:13:00.836635+00:00,,,0.0,,False
lyra,SOL-20260529-300-P,SOL,USD,put,300.0,2026-05-29T00:00:00+00:00,0.12223551380533358,86.2,212.8,0.0,0.0,0.87228,0.0,0.0,2026-04-14T09:13:25.638000+00:00,2026-04-14T09:13:00.836635+00:00,,,213.8,,True
lyra,SOL-20260529-40-C,SOL,USD,call,40.0,2026-05-29T00:00:00+00:00,0.12223551380533358,86.2,46.4,0.0,0.0,1.0299,0.0,0.0,2026-04-14T09:13:34.071000+00:00,2026-04-14T09:13:00.836635+00:00,,,,46.2,False
lyra,SOL-20260529-84-P,SOL,USD,put,84.0,2026-05-29T00:00:00+00:00,0.12223551380533358,86.2,5.9,250.0,250.0,0.59528,0.0,0.0,2026-04-14T09:13:26.549000+00:00,2026-04-14T09:13:00.836635+00:00,250.0,0.0,0.0,,False
lyra,SOL-20260529-60-P,SOL,USD,put,60.0,2026-05-29T00:00:00+00:00,0.12223551380533358,86.2,0.8,0.0,0.0,0.77592,1000.0,0.0,2026-04-14T09:13:33.830000+00:00,2026-04-14T09:13:00.836635+00:00,,,0.0,,False
lyra,SOL-20260529-75-P,SOL,USD,put,75.0,2026-05-29T00:00:00+00:00,0.12223551380533358,86.2,2.8,250.0,250.0,0.63812,101.0,0.0,2026-04-14T09:13:25.587000+00:00,2026-04-14T09:13:00.836635+00:00,250.0,0.0,0.0,,False
lyra,SOL-20260529-50-C,SOL,USD,call,50.0,2026-05-29T00:00:00+00:00,0.12223551380533358,86.2,36.6,0.0,0.0,0.89481,0.0,0.0,2026-04-14T09:13:32.358000+00:00,2026-04-14T09:13:00.836635+00:00,,,,36.2,False
lyra,SOL-20260529-220-P,SOL,USD,put,220.0,2026-05-29T00:00:00+00:00,0.12223551380533358,86.2,133.1,0.0,0.0,0.87228,0.0,0.0,2026-04-14T09:13:34.678000+00:00,2026-04-14T09:13:00.836635+00:00,,,133.8,,True
lyra,SOL-20260529-82-C,SOL,USD,call,82.0,2026-05-29T00:00:00+00:00,0.12223551380533358,86.2,9.5,250.0,250.0,0.6016,0.0,0.0,2026-04-14T09:13:26.495000+00:00,2026-04-14T09:13:00.836635+00:00,250.0,0.0,,4.200000000000003,False
lyra,SOL-20260529-86-P,SOL,USD,put,86.0,2026-05-29T00:00:00+00:00,0.12223551380533358,86.2,6.8,250.0,250.0,0.59076,0.0,0.0,2026-04-14T09:13:25.234000+00:00,2026-04-14T09:13:00.836635+00:00,250.0,0.0,0.0,,False
lyra,SOL-20260529-110-P,SOL,USD,put,110.0,2026-05-29T00:00:00+00:00,0.12223551380533358,86.2,24.9,250.0,250.0,0.62652,300.0,0.0,2026-04-14T09:13:25.587000+00:00,2026-04-14T09:13:00.836635+00:00,250.0,0.0,23.799999999999997,,False
lyra,SOL-20260529-110-C,SOL,USD,call,110.0,2026-05-29T00:00:00+00:00,0.12223551380533358,86.2,1.4,250.0,250.0,0.62652,1000.0,0.0,2026-04-14T09:13:33.668000+00:00,2026-04-14T09:13:00.836635+00:00,250.0,0.0,,0.0,False
lyra,SOL-20260529-95-C,SOL,USD,call,95.0,2026-05-29T00:00:00+00:00,0.12223551380533358,86.2,3.9,250.0,250.0,0.58943,0.0,0.0,2026-04-14T09:13:32.310000+00:00,2026-04-14T09:13:00.836635+00:00,250.0,0.0,,0.0,False
lyra,SOL-20260529-65-P,SOL,USD,put,65.0,2026-05-29T00:00:00+00:00,0.12223551380533358,86.2,1.2,0.0,0.0,0.72323,0.0,0.0,2026-04-14T09:13:32.918000+00:00,2026-04-14T09:13:00.836635+00:00,,,0.0,,False
lyra,SOL-20260529-94-P,SOL,USD,put,94.0,2026-05-29T00:00:00+00:00,0.12223551380533358,86.2,11.7,250.0,250.0,0.5883,0.0,0.0,2026-04-14T09:13:33.527000+00:00,2026-04-14T09:13:00.836635+00:00,250.0,0.0,7.799999999999997,,False
lyra,SOL-20260529-82-P,SOL,USD,put,82.0,2026-05-29T00:00:00+00:00,0.12223551380533358,86.2,5.0,250.0,250.0,0.6016,0.0,0.0,2026-04-14T09:13:32.615000+00:00,2026-04-14T09:13:00.836635+00:00,250.0,0.0,0.0,,False
lyra,SOL-20260529-180-P,SOL,USD,put,180.0,2026-05-29T00:00:00+00:00,0.12223551380533358,86.2,93.2,0.0,0.0,0.83119,0.0,0.0,2026-04-14T09:13:31.748000+00:00,2026-04-14T09:13:00.836635+00:00,,,93.8,,True
lyra,SOL-20260529-88-C,SOL,USD,call,88.0,2026-05-29T00:00:00+00:00,0.12223551380533358,86.2,6.4,250.0,250.0,0.58794,0.0,0.0,2026-04-14T09:13:34.740000+00:00,2026-04-14T09:13:00.836635+00:00,250.0,0.0,,0.0,False
lyra,SOL-20260529-60-C,SOL,USD,call,60.0,2026-05-29T00:00:00+00:00,0.12223551380533358,86.2,27.2,0.0,0.0,0.77592,0.0,0.0,2026-04-14T09:13:34.178000+00:00,2026-04-14T09:13:00.836635+00:00,,,,26.200000000000003,False
lyra,SOL-20260529-75-C,SOL,USD,call,75.0,2026-05-29T00:00:00+00:00,0.12223551380533358,86.2,14.3,250.0,250.0,0.63812,0.0,0.0,2026-04-14T09:13:35.246000+00:00,2026-04-14T09:13:00.836635+00:00,250.0,0.0,,11.200000000000003,False
lyra,SOL-20260529-92-C,SOL,USD,call,92.0,2026-05-29T00:00:00+00:00,0.12223551380533358,86.2,4.8,250.0,250.0,0.58688,0.0,0.0,2026-04-14T09:13:34.782000+00:00,2026-04-14T09:13:00.836635+00:00,250.0,0.0,,0.0,False
lyra,SOL-20260529-100-P,SOL,USD,put,100.0,2026-05-29T00:00:00+00:00,0.12223551380533358,86.2,16.2,250.0,250.0,0.5984,0.0,0.0,2026-04-14T09:13:32.107000+00:00,2026-04-14T09:13:00.836635+00:00,250.0,0.0,13.799999999999997,,False
lyra,SOL-20260529-50-P,SOL,USD,put,50.0,2026-05-29T00:00:00+00:00,0.12223551380533358,86.2,0.3,0.0,0.0,0.89481,0.0,0.0,2026-04-14T09:13:33.424000+00:00,2026-04-14T09:13:00.836635+00:00,,,0.0,,False
lyra,SOL-20260529-84-C,SOL,USD,call,84.0,2026-05-29T00:00:00+00:00,0.12223551380533358,86.2,8.3,250.0,250.0,0.59528,0.0,0.0,2026-04-14T09:13:34.538000+00:00,2026-04-14T09:13:00.836635+00:00,250.0,0.0,,2.200000000000003,False
lyra,SOL-20260529-160-P,SOL,USD,put,160.0,2026-05-29T00:00:00+00:00,0.12223551380533358,86.2,73.4,0.0,0.0,0.78189,0.0,0.0,2026-04-14T09:13:32.656000+00:00,2026-04-14T09:13:00.836635+00:00,,,73.8,,True
lyra,SOL-20260529-70-C,SOL,USD,call,70.0,2026-05-29T00:00:00+00:00,0.12223551380533358,86.2,18.3,250.0,250.0,0.67664,0.0,0.0,2026-04-14T09:13:25.281000+00:00,2026-04-14T09:13:00.836635+00:00,250.0,0.0,,16.200000000000003,False
lyra,SOL-20260529-40-P,SOL,USD,put,40.0,2026-05-29T00:00:00+00:00,0.12223551380533358,86.2,0.1,0.0,0.0,1.0299,0.0,0.0,2026-04-14T09:13:32.715000+00:00,2026-04-14T09:13:00.836635+00:00,,,0.0,,False
lyra,SOL-20260529-100-C,SOL,USD,call,100.0,2026-05-29T00:00:00+00:00,0.12223551380533358,86.2,2.8,250.0,250.0,0.5984,1000.0,8246.02,2026-04-14T09:13:31.545000+00:00,2026-04-14T09:13:00.836635+00:00,250.0,0.0,,0.0,False
lyra,SOL-20260529-95-P,SOL,USD,put,95.0,2026-05-29T00:00:00+00:00,0.12223551380533358,86.2,12.4,250.0,250.0,0.58943,0.0,0.0,2026-04-14T09:13:33.370000+00:00,2026-04-14T09:13:00.836635+00:00,250.0,0.0,8.799999999999997,,False
lyra,SOL-20260529-140-P,SOL,USD,put,140.0,2026-05-29T00:00:00+00:00,0.12223551380533358,86.2,53.6,0.0,0.0,0.72467,0.0,0.0,2026-04-14T09:13:32.308000+00:00,2026-04-14T09:13:00.836635+00:00,,,53.8,,True
lyra,SOL-20260529-120-P,SOL,USD,put,120.0,2026-05-29T00:00:00+00:00,0.12223551380533358,86.2,34.2,0.0,0.0,0.65964,300.0,0.0,2026-04-14T09:13:26.291000+00:00,2026-04-14T09:13:00.836635+00:00,,,33.8,,False
lyra,SOL-20260529-70-P,SOL,USD,put,70.0,2026-05-29T00:00:00+00:00,0.12223551380533358,86.2,1.8,250.0,250.0,0.67664,1128.0,0.0,2026-04-14T09:13:33.019000+00:00,2026-04-14T09:13:00.836635+00:00,250.0,0.0,0.0,,False
lyra,SOL-20260529-98-P,SOL,USD,put,98.0,2026-05-29T00:00:00+00:00,0.12223551380533358,86.2,14.6,250.0,250.0,0.59422,0.0,0.0,2026-04-14T09:13:34.273000+00:00,2026-04-14T09:13:00.836635+00:00,250.0,0.0,11.799999999999997,,False
lyra,SOL-20260529-88-P,SOL,USD,put,88.0,2026-05-29T00:00:00+00:00,0.12223551380533358,86.2,7.9,250.0,250.0,0.58794,0.0,0.0,2026-04-14T09:13:31.806000+00:00,2026-04-14T09:13:00.836635+00:00,250.0,0.0,1.7999999999999972,,False
lyra,SOL-20260529-130-P,SOL,USD,put,130.0,2026-05-29T00:00:00+00:00,0.12223551380533358,86.2,43.8,0.0,0.0,0.69293,0.0,0.0,2026-04-14T09:13:32.797000+00:00,2026-04-14T09:13:00.836635+00:00,,,43.8,,False
lyra,SOL-20260529-105-C,SOL,USD,call,105.0,2026-05-29T00:00:00+00:00,0.12223551380533358,86.2,2.0,250.0,250.0,0.61132,100.0,8246.02,2026-04-14T09:13:25.435000+00:00,2026-04-14T09:13:00.836635+00:00,250.0,0.0,,0.0,False
lyra,SOL-20260529-80-C,SOL,USD,call,80.0,2026-05-29T00:00:00+00:00,0.12223551380533358,86.2,10.7,0.0,2.8,0.60977,302.8,0.0,2026-04-14T09:13:27.960000+00:00,2026-04-14T09:13:00.836635+00:00,,,,6.200000000000003,False
lyra,SOL-20260529-96-P,SOL,USD,put,96.0,2026-05-29T00:00:00+00:00,0.12223551380533358,86.2,13.1,250.0,250.0,0.5908,0.0,0.0,2026-04-14T09:13:26.752000+00:00,2026-04-14T09:13:00.836635+00:00,250.0,0.0,9.799999999999997,,False
lyra,SOL-20260529-94-C,SOL,USD,call,94.0,2026-05-29T00:00:00+00:00,0.12223551380533358,86.2,4.2,250.0,250.0,0.5883,0.0,0.0,2026-04-14T09:13:32.156000+00:00,2026-04-14T09:13:00.836635+00:00,250.0,0.0,,0.0,False
lyra,SOL-20260529-200-P,SOL,USD,put,200.0,2026-05-29T00:00:00+00:00,0.12223551380533358,86.2,113.2,0.0,0.0,0.87228,0.0,0.0,2026-04-14T09:13:33.764000+00:00,2026-04-14T09:13:00.836635+00:00,,,113.8,,True
lyra,SOL-20260529-65-C,SOL,USD,call,65.0,2026-05-29T00:00:00+00:00,0.12223551380533358,86.2,22.6,0.0,0.0,0.72323,0.0,0.0,2026-04-14T09:13:31.546000+00:00,2026-04-14T09:13:00.836635+00:00,,,,21.200000000000003,False
lyra,SOL-20260529-92-P,SOL,USD,put,92.0,2026-05-29T00:00:00+00:00,0.12223551380533358,86.2,10.3,250.0,250.0,0.58688,0.0,0.0,2026-04-14T09:13:34.173000+00:00,2026-04-14T09:13:00.836635+00:00,250.0,0.0,5.799999999999997,,False
lyra,SOL-20260529-120-C,SOL,USD,call,120.0,2026-05-29T00:00:00+00:00,0.12223551380533358,86.2,0.8,0.0,0.0,0.65964,0.0,0.0,2026-04-14T09:13:31.704000+00:00,2026-04-14T09:13:00.836635+00:00,,,,0.0,False
lyra,SOL-20260529-96-C,SOL,USD,call,96.0,2026-05-29T00:00:00+00:00,0.12223551380533358,86.2,3.6,250.0,250.0,0.5908,0.0,0.0,2026-04-14T09:13:34.841000+00:00,2026-04-14T09:13:00.836635+00:00,250.0,0.0,,0.0,False
lyra,SOL-20260529-140-C,SOL,USD,call,140.0,2026-05-29T00:00:00+00:00,0.12223551380533358,86.2,0.3,0.0,0.0,0.72467,0.0,0.0,2026-04-14T09:13:33.325000+00:00,2026-04-14T09:13:00.836635+00:00,,,,0.0,False
lyra,SOL-20260529-80-P,SOL,USD,put,80.0,2026-05-29T00:00:00+00:00,0.12223551380533358,86.2,4.3,250.0,250.0,0.60977,420.0,0.0,2026-04-14T09:13:33.572000+00:00,2026-04-14T09:13:00.836635+00:00,250.0,0.0,0.0,,False
lyra,SOL-20260529-105-P,SOL,USD,put,105.0,2026-05-29T00:00:00+00:00,0.12223551380533358,86.2,20.4,250.0,250.0,0.61132,0.0,0.0,2026-04-14T09:13:35.283000+00:00,2026-04-14T09:13:00.836635+00:00,250.0,0.0,18.799999999999997,,False
lyra,SOL-20260529-90-C,SOL,USD,call,90.0,2026-05-29T00:00:00+00:00,0.12223551380533358,86.2,5.5,250.0,250.0,0.5867,25.0,2053.246,2026-04-14T09:13:25.890000+00:00,2026-04-14T09:13:00.836635+00:00,250.0,0.0,,0.0,False
lyra,SOL-20260529-130-C,SOL,USD,call,130.0,2026-05-29T00:00:00+00:00,0.12223551380533358,86.2,0.4,0.0,0.0,0.69293,0.0,0.0,2026-04-14T09:13:26.796000+00:00,2026-04-14T09:13:00.836635+00:00,,,,0.0,False
lyra,SOL-20260529-85-P,SOL,USD,put,85.0,2026-05-29T00:00:00+00:00,0.12223551380533358,86.2,6.3,250.0,250.0,0.5928,0.0,0.0,2026-04-14T09:13:31.804000+00:00,2026-04-14T09:13:00.836635+00:00,250.0,0.0,0.0,,False
lyra,SOL-20260529-98-C,SOL,USD,call,98.0,2026-05-29T00:00:00+00:00,0.12223551380533358,86.2,3.2,250.0,250.0,0.59422,100.0,8246.02,2026-04-14T09:13:26.145000+00:00,2026-04-14T09:13:00.836635+00:00,250.0,0.0,,0.0,False
lyra,SOL-20260529-85-C,SOL,USD,call,85.0,2026-05-29T00:00:00+00:00,0.12223551380533358,86.2,7.8,250.0,250.0,0.5928,0.0,0.0,2026-04-14T09:13:34.071000+00:00,2026-04-14T09:13:00.836635+00:00,250.0,0.0,,1.2000000000000028,False
lyra,SOL-20260529-90-P,SOL,USD,put,90.0,2026-05-29T00:00:00+00:00,0.12223551380533358,86.2,9.1,250.0,250.0,0.5867,0.0,0.0,2026-04-14T09:13:32.715000+00:00,2026-04-14T09:13:00.836635+00:00,250.0,0.0,3.799999999999997,,False
lyra,SOL-20260529-150-C,SOL,USD,call,150.0,2026-05-29T00:00:00+00:00,0.12223551380533358,86.2,0.2,0.0,0.0,0.75434,0.0,0.0,2026-04-14T09:13:34.741000+00:00,2026-04-14T09:13:00.836635+00:00,,,,0.0,False
lyra,SOL-20260529-150-P,SOL,USD,put,150.0,2026-05-29T00:00:00+00:00,0.12223551380533358,86.2,63.5,0.0,0.0,0.75434,0.0,0.0,2026-04-14T09:13:34.941000+00:00,2026-04-14T09:13:00.836635+00:00,,,63.8,,True
lyra,SOL-20260529-86-C,SOL,USD,call,86.0,2026-05-29T00:00:00+00:00,0.12223551380533358,86.2,7.3,250.0,250.0,0.59076,0.0,0.0,2026-04-14T09:13:32.208000+00:00,2026-04-14T09:13:00.836635+00:00,250.0,0.0,,0.20000000000000284,False
lyra,SOL-20260529-160-C,SOL,USD,call,160.0,2026-05-29T00:00:00+00:00,0.12223551380533358,86.2,0.1,0.0,0.0,0.78189,0.0,0.0,2026-04-14T09:13:26.044000+00:00,2026-04-14T09:13:00.836635+00:00,,,,0.0,False
